code,name,1951-01,1951-02,1951-03,1951-04,1951-05,1951-06,1951-07,1951-08,1951-09,1951-10,1951-11,1951-12,1961-01,1961-02,1961-03,1961-04,1961-05,1961-06,1961-07,1961-08,1961-09,1961-10,1961-11,1961-12,1971-01,1971-02,1971-03,1971-04,1971-05,1971-06,1971-07,1971-08,1971-09,1971-10,1971-11,1971-12,1981-01,1981-02,1981-03,1981-04,1981-05,1981-06,1981-07,1981-08,1981-09,1981-10,1981-11,1981-12,1991-01,1991-02,1991-03,1991-04,1991-05,1991-06,1991-07,1991-08,1991-09,1991-10,1991-11,1991-12,2001-01,2001-02,2001-03,2001-04,2001-05,2001-06,2001-07,2001-08,2001-09,2001-10,2001-11,2001-12,2011-01,2011-02,2011-03,2011-04,2011-05,2011-06,2011-07,2011-08,2011-09,2011-10,2011-11,2011-12,2021-01,2021-02,2021-03,2021-04,2021-05,2021-06,2021-07,2021-08,2021-09,2021-10,2021-11,2021-12,2031-01,2031-02,2031-03,2031-04,2031-05,2031-06,2031-07,2031-08,2031-09,2031-10,2031-11,2031-12,2041-01,2041-02,2041-03,2041-04,2041-05,2041-06,2041-07,2041-08,2041-09,2041-10,2041-11,2041-12,2051-01,2051-02,2051-03,2051-04,2051-05,2051-06,2051-07,2051-08,2051-09,2051-10,2051-11,2051-12,2061-01,2061-02,2061-03,2061-04,2061-05,2061-06,2061-07,2061-08,2061-09,2061-10,2061-11,2061-12,2071-01,2071-02,2071-03,2071-04,2071-05,2071-06,2071-07,2071-08,2071-09,2071-10,2071-11,2071-12,2081-01,2081-02,2081-03,2081-04,2081-05,2081-06,2081-07,2081-08,2081-09,2081-10,2081-11,2081-12,2091-01,2091-02,2091-03,2091-04,2091-05,2091-06,2091-07,2091-08,2091-09,2091-10,2091-11,2091-12
IND,India,0.45,-0.54,0.64,0.2,-0.17,0.52,0.14,-0.2,0.22,-0.23,0.16,-0.65,1.05,0.73,0.79,0.39,-0.04,0.33,0.06,0.12,-0.26,-0.13,-0.33,0.35,1.25,2.77,1.67,1.1,0.23,0.82,0.5,-0.1,-0.2,0.28,0.12,0.82,0.9,1.44,2.19,1.23,1.1,0.96,-0.04,0.31,0.43,0.64,0.81,0.88,1.53,1.67,0.9,0.77,1.19,1.11,0.54,0.11,0.1,0.68,0.46,1.39,1.13,1.18,1.54,1.03,0.73,0.78,0.87,0.67,0.79,1.12,1.17,1.26,2.82,2.35,1.99,2.11,1.33,2.79,1.91,1.05,1.85,2.61,2.3,1.26,1.74,2.07,2.23,2.29,2.49,3.41,2.18,1.65,2.66,3.13,2.43,2.08,2.48,2.69,2.65,2.6,2.31,2.83,2.35,2.01,2.93,3.71,3.22,3.49,2.04,1.65,1.53,2.13,1.82,1.99,1.8,1.64,3.11,2.97,3.64,2.02,2.74,2.94,1.86,2.37,2.22,3.14,2.12,1.64,2.62,3.73,4.38,3.34,1.45,2.86,2.55,1.8,1.61,2.96,1.81,1.27,2.17,3.2,2.68,2.34,2.72,2.92,1.59,2.34,2.27,2.27,1.78,1.94,2.16,1.87,3.83,2.51,1.77,1.93,1.5,1.23,1.65,2.73,1.05,1.32,1.95,1.82,3.8,3.3,2.47,1.59,1.94,1.8,1.76,2.86,1.26,1.46,2.11,2.48,3.85,2.9
IND.1151,Andaman and Nicobar Islands,1.15,0.28,0.04,0.14,0.48,0.26,0.21,0.25,0.01,0.55,0.5,1.1,0.75,0.2,0.7,0.43,0.39,0.5,0.17,0.2,0.35,0.4,0.98,0.53,0.95,0.35,0.13,0.25,0.23,0.29,0.16,0.15,0.15,0.59,1.04,0.92,0.68,0.58,0.6,0.75,0.56,0.26,0.22,0.13,0.27,0.24,0.71,0.95,0.73,0.62,0.65,0.43,0.48,0.34,0.17,0.23,0.25,0.46,0.84,0.41,0.76,0.63,0.35,0.45,0.2,0.16,0.3,0.24,0.25,0.39,0.23,0.71,1.44,0.68,1.07,0.98,0.5,0.41,0.27,0.27,0.47,0.54,1.44,1.55,2.19,1.79,1.24,0.99,0.64,0.34,0.39,0.51,0.43,0.52,1.53,2.54,2.68,1.08,1.03,1.32,0.88,0.3,0.37,0.44,0.6,0.76,1.49,1.85,1.97,0.93,1.2,0.91,0.45,0.52,0.68,0.53,0.63,0.69,1.71,2.14,2.74,1.28,0.97,1.01,0.49,0.61,0.35,0.46,0.55,0.81,1.64,2.09,2.02,1.07,1.1,0.65,0.48,0.71,0.39,0.51,0.42,0.97,1.72,1.87,1.98,1.26,1.19,0.32,0.18,0.41,0.31,0.55,0.55,0.96,1.8,2.72,2.28,1.33,0.84,0.6,0.66,0.45,0.25,0.37,0.6,1.12,1.62,1.89,2.36,1.47,0.93,0.82,0.41,0.47,0.48,0.6,0.51,0.72,1.18,1.88
IND.11510,Delhi,1.35,0.13,2.24,1.25,2.56,2.04,1.16,0.97,0.31,-0.97,1.21,0.8,2.8,2.78,2.05,2.08,1.09,1.2,0.86,1.43,0.43,-0.66,1.59,2.22,3.21,4.58,3.05,0.98,4.37,2.02,0.64,0.85,0.68,0.2,0.72,1.75,3.07,2.43,5.06,3.17,3.01,2.38,1.15,2.06,2.87,1.46,0.71,2.44,3.36,3.31,2.25,2.06,3,1.83,1.62,1.68,1.56,0.62,0.33,1.81,2.1,2.25,1.82,1.99,1.75,1.73,1.92,1.58,1.32,1.8,2.86,2.43,5.55,7.6,4.71,3.67,3.58,4.39,2.36,2.81,4.68,3.03,3.05,2.81,4.01,3.96,6.17,4.4,6.07,6.8,4.86,3.85,5.37,5.05,3.08,3.5,5.93,6.06,5.56,5.05,5.33,5.42,3.88,4.7,7,3.51,3.64,5.48,4.34,4.38,3.12,5.09,5.59,3.79,4.18,3.7,6.27,4,3.12,3.17,3.81,4.56,4.34,4.73,4.88,6.46,4.55,3.84,4.89,5.81,4.04,3.11,3.67,2.76,3.43,3.97,5.54,4.87,3.89,2.88,5.96,3.98,3.03,4.49,3.23,3.49,3.22,2.84,5.52,5.62,4.03,3.93,6.24,3.43,2.85,3.11,3.79,3.35,2.78,2.35,4.56,5.22,2.78,3.26,3.32,1.98,1.68,3.65,3.98,4.59,3.14,4.38,3.76,4.31,3.18,3.51,4.65,3.6,3.99,4.9
IND.11511,Goa,1.17,0.66,0.11,0.47,0.04,0.52,0.36,0.23,0.23,1.3,1.28,1.02,1.37,1.15,0.44,-0.04,0.2,0.64,0.3,0.18,-0.05,1.48,2.5,0.87,1.1,1.58,0.22,0.28,0.26,0.18,0.52,0.25,0.34,1.4,3.62,1.4,0.86,1,0.24,0.83,0.45,0.47,0.56,0.36,0.51,0.97,2.57,1.25,1.8,0.68,0.41,0.43,0.2,1.03,0.47,0.44,0.41,0.67,2.88,2.39,0.84,0.91,0.88,0.68,0.9,0.47,0.4,0.61,0.51,1.52,2.13,1.71,1.88,1.29,0.91,0.6,0.8,0.89,0.58,0.86,1.21,2.03,2.84,2.18,2.08,2.78,2.68,1.17,1.73,2.03,0.62,1.34,1.04,2.37,4,3.06,2.53,2.31,1.24,1.31,1.27,1.1,1.19,1.53,1.93,2.15,4.54,2.63,4.63,3.03,2.08,1.86,0.79,1.21,1.12,1.47,2.34,3.1,4.75,3.25,3.53,3.13,2.02,0.8,1.87,1.8,1.06,1.22,2.59,2.71,5.18,5.63,2.2,3.4,1.55,1.01,0.97,0.82,0.77,1.01,1.17,2.76,4.43,3.97,3.29,3.8,1.14,1.32,1.64,1.04,0.98,1.1,1.84,2.18,5.83,4.13,1.58,1.84,1.58,0.94,1.54,1.08,0.87,0.78,2.5,2.24,4.13,3.81,3.3,2.23,1.41,2.14,0.73,1.6,0.97,0.72,2.32,2.5,5.34,4.42
IND.11512,Gujarat,0.32,0.46,1.24,0.9,0.52,0.59,0.98,0.36,1.27,0.06,0.27,0.16,1.79,1.52,0.78,0.02,0.53,0.2,0.67,0.61,0.6,1.25,1.04,0.54,1.18,1.04,0.76,0.43,0.71,0.66,1.43,0.35,0.86,0.67,0.04,0.98,0.92,0.63,1.73,0.74,1.1,0.86,0.53,0.49,0.86,1.04,1.77,0.74,1.55,1.4,0.37,0.82,0.95,1.14,0.51,0.24,0.87,0.71,1.17,1.34,0.83,0.93,1.22,1.31,0.59,0.62,0.98,0.76,0.89,1.48,1.28,0.9,2.7,1.15,1.69,1.69,1.97,3.02,1.95,1.63,2.34,2.96,2.37,1.7,3.91,2.74,2.01,2.88,2.31,2.32,2.3,2.68,4,5.22,3.92,3.44,4.04,3.83,2.69,2.55,2,2.1,2.89,2.78,5.08,5.77,5.54,5.82,3.65,3.01,2.34,2.13,2.14,1.93,2.44,2.69,4.6,4.96,4.85,3.78,2.36,2.1,2.04,2.79,2.11,2.04,2.66,2.47,3.65,6.22,4.48,3.79,3.32,2.59,2.33,2.49,2.43,2.53,3.02,2.01,4.59,5.7,4.21,3.22,3.15,3.51,2.36,3.31,1.95,1.18,2.39,2.65,4.14,2.82,4.5,5.26,1.83,2.01,1.99,2.42,1.87,2.15,1.94,2,3.25,4.92,5.18,4.18,3.2,2.28,2.99,4.14,1.66,3.02,2.06,3.26,4.59,4.91,3.06,3.71
IND.11513,Haryana,1.87,1.14,2.93,1.72,2.7,1.85,0.97,0.63,0.41,-1.08,0.68,0.96,3.29,3.56,2.72,1.9,1.04,1.07,0.56,1.45,-0.03,-0.29,2.02,2.43,3.42,4.69,3.89,1.11,3.51,1.61,1.03,1.06,0.61,-0.12,1.07,2.13,3.44,2.67,4.5,3.05,2.88,2.21,0.73,2.38,3.07,1.38,0.78,2.66,2.73,3.4,2.22,1.95,2.76,2.1,1.39,1.83,2.31,0.63,0.51,2.15,2.49,2.5,2.21,1.88,2.05,2.09,1.94,1.74,1.24,1.38,1.96,2.32,5.07,7.63,4.98,3.51,3.82,4.45,2.57,2.33,4.59,3.01,3,1.99,4.43,4.19,6.67,4.3,5.42,6.45,5.17,3.99,5.67,5.49,3,3.89,6.39,5.7,5.69,5.3,5.75,5.19,4.79,5.38,6.75,3.61,3.31,5.79,4.25,4.49,3.89,5.35,5.85,4.81,4.79,4.52,6.7,3.31,2.85,3.44,3.7,4.53,4.17,5.07,4.14,5.54,4.37,4.22,5.51,5.56,3.66,2.75,3.21,3.18,3.16,3.7,5.2,5.03,4.37,3.38,5.68,3.77,3.45,2.48,2.52,3.29,3.08,2.56,5.38,5.58,4.37,3.43,5.11,3.72,2.75,3,3.29,2.51,2.97,2.03,4.79,5.04,3.12,3.45,3.85,1.94,1.61,3.71,4.36,4.24,2.96,5.11,3.98,4.52,3.59,3.77,4.89,3.59,3.74,5.03
IND.11514,Himachal Pradesh,2.55,2.29,3.38,1.8,2.48,2.01,0.56,0.7,1.51,0.51,1.19,2.94,3.84,2.81,4.13,3.75,4.37,1.55,1.06,0.42,0.82,1.55,2.16,3.58,3.56,2.62,4.53,2.72,3.71,2.18,0.95,0.59,0.59,0.41,2.62,3.74,2.91,2.87,3.62,3.79,3.56,2.27,0.57,0.96,1.75,1.3,2.01,3.91,2.8,2.93,2.24,2.12,1.8,1.93,1.15,0.32,1.08,0.77,1.15,2.73,1.37,1.11,2.63,2.1,1.54,1.76,0.63,0.56,1.18,1.32,1.35,1.74,2.04,2.84,3.13,3.22,4.05,3.08,1.65,1.8,3.07,3.42,3.36,1.99,3.39,4.53,5.77,5.19,5.41,4.35,2.89,2.61,3.44,3.55,3.41,3.26,4.19,4.34,5.04,5.83,6.83,4.83,3.09,2.6,3.67,5.01,2.21,3.02,3.36,2.18,3.29,4.47,5.3,4.09,2.71,2.74,4.49,3.32,2.72,3.61,1.7,2.22,3.65,5.06,6.29,3.28,2.79,2.98,2.92,2.71,2.4,2.7,1.23,3.19,2.04,3.64,4.53,4.69,3.12,2.36,3.71,3.23,2.72,2.12,1.27,1.91,2.56,2.24,4.6,3.8,3.03,2,3.03,3.95,2.34,4.94,1.83,2.39,2.45,2.49,4.44,4.07,2.31,1.87,2.83,1.93,3.41,4.11,2.73,2.61,2.55,3.04,4.14,3.53,2.68,2.16,3.53,4.03,4.28,3.53
IND.11515,Jammu and Kashmir,3.02,2.2,2.68,1,2.29,1.13,0.89,1.07,1.67,1.54,1.88,3.24,3.86,2.65,3.22,2.56,3.15,1.41,1.91,0.66,0.89,2.66,2.93,4.33,3.25,2.06,3.78,2.7,2.55,1.25,1.19,0.81,0.88,2.01,4.02,4.03,2.82,1.85,3.32,2,2.22,1.78,1.97,0.68,1.7,1.19,2,2.96,2.06,2.35,2.14,1.71,1.39,1.72,1.44,0.62,1.94,1.28,1.94,2.84,1.58,0.92,1.94,1.51,1.41,1.64,0.63,1.08,1.35,1.1,1.31,2.05,2.13,2.68,2.28,2.6,3.15,2.75,1.86,2.76,2.43,2.84,3.36,1.84,2.79,3.81,4.52,3.63,5.52,4.13,3.41,2.98,3.7,3.29,3.12,2.86,3.91,3.29,4.11,3.71,4.65,3.46,3.33,2.76,3.77,3.6,2.96,4.42,2.6,1.78,2.99,2.92,4.07,3.13,2.66,2.87,2.95,3.54,4.04,3.67,2.03,1.88,4.13,3.43,5.11,2.06,2.51,3.71,2.82,3.54,1.14,2.98,2.08,2.25,1.95,2.81,4.01,1.89,2.26,2.9,4.23,2.12,3.17,2.35,0.92,1.97,1.95,2.67,4,3.31,2.4,2.25,3.39,2.88,1.99,4.4,1.64,2.13,2.64,2.18,3.19,2.97,2.01,2.9,1.53,2.23,3.97,2.33,1.59,2,2.7,2.38,3.94,1.55,1.94,2.88,2.3,3.32,4.45,1.89
IND.11516,Jharkhand,1.19,0.47,1.45,2.2,-0.81,1.5,0.64,0.31,0.66,-0.76,0.01,-0.6,0.94,0.13,0.7,0.85,0.35,1.22,0.48,0.79,0.41,0.26,0.18,-0.42,1.6,3.98,2.7,3.65,1.13,1.95,0.87,0.36,0.45,1.5,0.74,1.51,1.96,2.4,3.02,2.65,2.65,3.02,0.52,0.58,0.52,0.5,1.28,0.78,2.21,3.33,1.85,2.18,1.46,2.05,0.73,0.37,0.34,0.66,0.78,2.09,1.77,1.66,2.74,2.38,1.63,1.68,0.7,0.55,0.49,1.01,1.53,1.17,3.24,3.28,2.83,3.97,3.68,4.45,1.89,1.05,1.77,2.46,2.39,2.22,2.73,5.77,3.53,2.97,4.29,5.48,2.63,1.6,1.75,3.47,4.25,3.2,3.01,3.48,5.02,4.71,5.71,5.3,1.66,1.72,1.8,2.7,2.98,2.91,2.52,3.07,3.92,3.11,3.07,3.96,1.16,1.55,1.42,2.91,3.9,2.17,3.71,4.56,4.26,6.51,4.06,7.67,2.13,1.9,1.9,3.21,5.09,4.04,2.5,5.65,4.1,2.05,3.97,6.99,1.77,1.1,1.64,2.49,3.51,3.08,4.21,4.41,3.57,3.27,3.97,5.34,1.76,1.42,1.46,2.58,3.68,2.79,3.83,3.22,3.39,4.35,2.54,4.32,1.03,0.85,1.51,2.49,3.63,3.66,3.21,3.22,3.41,2.79,3.55,5.04,0.9,1.73,1.49,3.55,3.29,2.31
IND.11517,Karnataka,0.31,0.88,0.17,0.27,0.3,1.01,0.53,0.2,0.63,1.3,1.87,1.06,1.48,0.55,0.96,0.61,0.27,1.91,0.4,0.09,0.35,1.23,1.92,1.37,1.62,1.95,0.37,0.69,0.09,0.78,0.85,-0.29,0.35,2.23,2.56,1.73,1.15,0.93,1.47,1.11,0.56,0.38,0.83,0.75,1.35,1.66,3.09,1.95,1.72,1.5,0.82,1.01,0.85,1.43,0.78,0.37,0.57,1.43,1.56,2.33,1.09,0.74,1.41,0.87,1.04,0.53,0.58,0.82,0.84,1.51,2.31,1.29,2.07,1.61,1.76,0.64,1.6,1.29,1.17,1.47,1.79,3.78,2.87,3.35,3.32,2.4,2.03,2.41,2.3,1.72,1.53,2.05,2.15,3.14,4.03,3.81,2.76,2,1.02,1.61,1.93,1.66,2.02,2.87,2.92,4.8,4.9,5.82,4.47,3.17,1.85,2.03,1.82,2.06,1.82,2.28,3.84,4.02,6.2,3.49,3.68,3.07,1.88,1.52,2.48,1.84,2.22,1.78,2.79,3.72,6.59,5.48,2.58,4.45,1.54,1.82,0.99,1.16,1.63,1.8,2.39,3.95,4.78,3.7,3.16,4.29,1.28,1.11,2.74,1.58,1.59,1.79,2.7,2.93,6.14,4.33,2.48,2.76,1.93,1.34,2.08,1.71,2.07,1.81,3.08,3.23,4.65,3,3.24,3.3,1.97,4.52,1.39,2.63,1.45,2.22,3.13,4.34,5.84,4.24
IND.11518,Kerala,0.77,1.15,0.94,0.99,0.48,0.54,0.62,0.24,0.32,0.72,0.94,1.23,1.41,1.11,1.31,0.96,0.27,0.94,0.79,0.81,0.53,0.7,1.44,1.83,1.23,1.78,1.48,0.6,0.64,0.53,0.68,0.04,0.72,0.72,1.54,1.25,0.96,0.85,2.03,0.87,0.63,0.43,0.64,0.75,0.67,0.59,1.5,1.14,1.09,1.11,0.95,1.35,0.92,0.84,0.66,0.44,0.46,0.37,0.92,2.01,0.71,0.59,0.67,0.74,0.5,0.32,0.5,0.51,0.47,0.73,0.89,0.88,1.47,1.55,1.58,1.2,1.03,0.56,0.57,0.54,1.24,1.48,1.59,2.42,1.49,2.08,1.79,1.82,1.37,0.96,0.84,0.93,1.87,1.31,2.42,2.02,2.83,1.52,1.35,1.38,1.21,0.98,1.18,1.05,1.73,1.33,2.38,3.16,2.69,1.83,0.99,1.19,0.66,1.07,1.08,1.02,2.56,2.04,2.1,1.47,2.44,2.02,1.64,0.9,1.36,1.29,1.17,1.04,1.57,1.52,2.61,2.66,2.56,3.52,1.41,0.72,1.35,0.71,0.92,0.99,1.37,1.44,2.94,2.5,2.57,1.9,1.38,1.41,1.27,0.62,0.89,0.97,1.45,1.06,2.91,3.12,1.97,1.51,1.73,0.93,0.79,0.81,0.92,0.7,1.66,1.37,2.33,2.06,1.71,2.22,1.78,2.05,0.74,1.5,0.85,0.71,1.75,1.43,2.68,1.74
IND.11519,Lakshadweep,0.41,0.18,0.2,0.2,0.45,0.13,0.14,0.18,-0.07,-0.2,0.93,0.55,0.59,0.57,0.22,0.33,0.4,0.37,0.16,0.36,0.56,0.11,0.77,0.73,0.82,0.34,0.24,0.17,0.27,0.17,0.16,-0.02,0.11,0.31,0.69,1.09,0.83,0.67,0.47,0.22,0.55,0.41,0.3,0.05,0.36,0.44,0.76,0.77,0.39,0.43,0.46,0.56,0.64,0.25,0.39,0.2,0.25,0.17,0.54,0.85,0.54,0.44,0.35,0.57,0.35,0.29,0.38,0.37,0.43,0.36,0.54,0.67,0.73,0.81,0.86,0.67,1.43,0.57,0.82,0.78,0.74,0.96,1.09,1.34,0.89,0.55,1.02,0.76,1.41,0.64,0.44,0.56,1.01,1.15,1.16,1.1,0.86,0.65,0.59,1.23,1.5,0.56,0.68,0.77,1.32,1.15,1.62,1.55,1.79,1.01,0.52,0.79,1.37,0.57,0.9,0.75,1.63,0.95,1.39,1.47,1.53,0.81,0.64,0.58,1.15,0.62,0.68,0.47,1.1,1.11,1.37,2.19,1.08,0.86,0.55,0.91,1.36,0.43,0.57,0.56,1.18,0.86,1.93,1.43,1.75,0.95,0.9,0.87,1.45,0.6,0.45,0.83,1.13,0.84,2.1,2.22,1.37,0.86,0.36,0.6,1.79,0.38,0.57,0.55,1.59,0.91,1.46,0.78,1.39,0.67,0.93,1.13,1.63,0.56,0.43,0.67,1.28,0.9,1.45,1.23
IND.1152,Andhra Pradesh,0.25,-0.14,-0.08,0.01,-0.11,-0.3,1.17,0.58,1.58,0.54,1.29,0.68,0.7,0.19,0.55,0.49,0.21,2.05,0.64,1,0.38,1.04,1.45,0.79,0.55,1.46,0.99,0.5,0.56,1.02,0.87,-0.08,0.39,1.03,1.3,0.94,0.95,1.3,1.01,0.62,0.72,1.01,0.97,1.04,1.57,0.72,2.38,0.64,1.1,1.42,1.18,0.69,1.34,1.47,1.23,0.7,0.52,1.32,1.25,1.51,0.92,1.01,0.87,0.6,0.83,0.75,0.8,1.06,1.06,0.78,1.87,0.98,1.83,1.62,1.48,1.17,1.7,1.13,1.98,2.05,1.95,2.42,2.67,3.48,1.91,1.73,1.57,1.46,2.01,2.82,2.08,2.71,2.93,3.39,3.58,2.21,2.14,2.4,1.02,1.46,2.02,2.02,1.99,2.95,2.87,3.43,4.9,3.86,2.68,2.23,1.29,1.17,1.62,2.76,1.94,2.33,3.54,3.39,5.06,2.88,2.92,2.09,1.76,1.42,2.64,2.65,2.58,2.84,3.11,3.07,5.38,3.3,2.04,3.21,1.31,0.9,1.45,1.84,2.54,2.79,2.18,3.09,4.54,3.22,2.42,2.52,1.65,0.8,2.69,1.9,2.18,2.21,2.62,2.29,5,3.07,2.62,2.51,1.75,0.53,2.18,1.91,2.56,2.57,2.63,2.8,4.36,2.54,1.68,2.22,1.72,2.35,1.2,1.74,1.68,2.82,2.88,2.98,5.35,2.74
IND.11520,Madhya Pradesh,-0.12,0.83,0.39,0.37,0.17,2.26,0.77,0.56,1.42,0.86,1.83,-0.02,1.79,0.3,1.31,1.1,0.27,0.72,0.06,1.19,0.53,0.56,-0.29,0.4,0.92,2.81,1.73,0.73,1.35,1.2,1.24,0.38,0.4,0.37,-0.32,0.66,1.09,1.51,2.87,1.04,1.72,2.55,-0.53,1.2,1.97,1.88,1.68,1.37,2.55,1.74,1.09,0.9,1.78,2.16,1.01,0.16,0.51,1.77,1.65,2.61,2.11,2.49,2.43,1.34,0.9,1.59,1.81,1.19,1.58,2.08,1.5,2.73,3.87,4.21,2.88,2.51,1.47,5.15,2.44,1.31,3.34,5.03,4.27,2.57,4.53,3.21,3.34,2.75,4.28,5.92,2.74,2.52,4.31,5.39,4.16,3.83,4.6,3.96,5.14,3.73,3.88,4.63,2.37,2.49,4.8,6.03,5.4,5.94,3.02,3.86,3.17,2.82,2.96,3.69,2.64,2.6,5.13,6.1,5.78,3.18,5,5.38,3.42,3.03,3,5.4,2.5,2.4,3.33,6.69,6.12,6.32,2.4,4.58,4.02,2.33,3.67,6.22,3.37,1.4,3.73,5.43,4.97,4.09,4.75,5.12,3.58,3.1,3.67,5.15,2.74,2.85,3.29,4.48,5.77,4,3.16,4.94,2.69,2.13,3.96,5.09,2.15,1.81,3.2,5.18,6.82,5.44,4.49,2.29,3.02,2.04,3.65,4.65,2.37,3.1,3.58,4.77,6.13,5.44
IND.11521,Maharashtra,0.39,0.48,0.11,0.17,0.19,1.46,0.14,0.35,1.43,0.42,1.86,0.69,1.89,0.18,0.9,0.7,0.46,0.54,0.15,0.44,0.61,0,1.72,1.25,1.54,2,0.47,0.85,0.82,0.41,0.62,-0.11,0.08,2.02,1.93,0.77,0.94,1.63,2.28,0.28,1.12,1.02,0.05,0.34,1.24,1.72,2.82,1.59,2.09,1.82,0.73,0.32,0.76,1.42,0.81,0.29,0.29,1.43,1.59,2.16,1.29,1.74,1.55,0.9,0.78,1.07,1.3,1.08,1.16,2.39,2.13,1.97,2.98,2.12,1.97,1.98,1.69,4.13,1.6,1.23,2.14,5.24,3.6,2.68,2.71,2.5,2.58,2.66,2.65,3.92,2.28,1.91,3.38,4.34,5.23,3.57,4.31,3.11,3.4,3.19,3.04,2.77,2.25,2.92,3.66,7.67,5.99,6.51,5.03,4.24,2.93,2.58,2.2,2.28,2.05,1.98,3.94,6.33,6.84,4.26,5.21,3.12,3.27,2.29,2.5,2.26,1.66,2.02,3.16,6.56,6.86,6.97,2.62,3.56,2.29,2.16,3.08,3.3,2.27,1.36,2.57,4.93,6.02,4.09,3.73,4.77,2.77,2.63,3.18,3.46,2.44,2.1,2.57,4.17,8.68,4.12,3.61,3.52,3.78,1.62,2.51,3.29,1.5,2.04,3.12,5.36,8.45,6.73,3.48,2.56,2.79,3.79,1.71,4.43,1.56,2.67,2.94,5.74,6.38,4.49
IND.11522,Manipur,0.35,0.41,1.86,3.26,0.79,0.46,0.69,0.12,0.21,0.91,0.66,0.39,1.08,0.83,0.94,1.47,0.9,0.3,0.37,0.21,0.71,0.77,1.19,0.44,1.56,2.82,2.27,4.96,1.55,0.36,0.65,0.52,0.38,0.88,0.89,1.07,2.26,2.74,3.54,4.22,2.26,1.01,0.82,0.24,0.42,0.73,0.72,1.01,1.72,2.92,1.36,1.53,1.96,1.03,0.5,0.43,0.52,0.51,0.81,1.26,0.86,0.78,2.53,1.96,1.78,0.73,0.41,0.51,0.29,0.53,0.73,0.35,1.39,1.52,4.24,3.56,3.14,1.66,0.83,0.93,0.98,1.38,0.88,1.51,1.8,3.44,3.34,3.29,3.09,2.27,1.05,1.66,1.18,1.14,1.29,1.37,2.99,2.56,3.51,4.22,1.99,2.19,1.46,1.36,1.28,1.07,1.33,2.16,2.16,5.37,4.56,5.06,1.61,2.63,1.05,1.54,1.09,0.98,1.02,0.96,2.97,2.8,3.31,2.29,1.83,1.75,1.4,1.08,0.91,0.91,2.61,2.42,1.91,2.2,4.33,2.43,1.9,1.89,0.92,1.18,1.02,0.9,1.75,1.49,2.25,3.58,3.47,5.98,1.92,2.11,1.04,0.94,0.77,0.89,1.84,1.5,2.93,1.49,4.31,3.46,0.97,1.93,1.26,1.33,1.24,1.05,2.55,1.62,2.57,2.98,3.31,3.13,2.1,1.81,1.09,1.81,1.81,1.2,1.7,1.51
IND.11523,Meghalaya,1.09,-0.24,0.99,0.82,-0.23,0.07,0.68,0.22,0.12,0.58,0.84,1.16,1.41,0.29,1.37,0.81,-0.1,0.09,0.49,0.24,0.35,0.98,1.15,0.64,1.76,1.27,1.17,3.17,0.41,0.16,0.77,0.41,0.42,0.66,1.11,1.13,2.24,2.33,2.38,1.72,0.37,0.57,0.66,0.28,0.22,0.74,0.96,1.9,2,2.45,2.26,1.57,0.91,0.6,0.5,0.4,0.52,0.59,0.85,1.69,0.71,0.61,2.99,2.22,1.13,0.62,0.29,0.32,0.32,0.7,0.6,0.49,2.39,2.39,4.42,3.09,1.61,1.35,0.92,1.32,0.73,1.43,1.49,1.88,1.68,3.14,4.78,2.79,1.92,1.88,1.53,1.44,1.21,1.32,2.44,2.04,2.35,2.36,3.86,3.79,1.33,2.05,1.74,1.09,1.07,1.28,1.35,2.79,1.98,3.05,4.83,3.17,1.84,1.59,1.32,1.14,1.44,0.61,0.92,0.59,2.37,3.09,3.53,3.31,1.76,1.47,1.87,1.42,0.96,1.39,2.09,2.01,1.57,2.83,4.41,1.98,1.35,1.36,1.31,0.99,1.02,1.14,1.3,1.5,2.32,2.13,3.87,3.98,1.04,1.53,1.09,1.37,0.78,1.16,1.13,1.77,1.82,1.39,3.41,4.31,1.09,1.38,1.44,1.26,1.09,1.03,1.89,2.53,1.56,2.5,3.2,2.3,1.27,1.29,1.26,0.77,1,1.14,1.32,2.02
IND.11524,Mizoram,0.36,0.87,2.24,1.69,0.67,1.12,0.61,0.12,0.33,1.16,1.07,0.12,1.49,0.92,1.14,1.81,0.89,0.43,0.81,0.11,0.5,0.84,0.99,0.94,1.82,2.96,3.25,2.77,1.12,1.04,0.8,0.56,0.39,0.76,0.89,1.15,2.3,2.89,2.49,3.19,1.75,1.46,1,0.44,0.26,0.75,1,0.8,2.3,2.66,2.02,1.79,1.47,1.52,0.68,0.65,0.59,0.63,1.18,1.55,0.68,0.75,2.07,1.42,1.44,0.7,0.4,0.33,0.3,0.58,0.62,0.7,1.41,1.74,2.96,2.77,2.75,1.72,0.87,0.86,0.65,1.17,1.53,1.15,1.75,2.97,3.55,2.12,2.83,2.16,1.37,1.53,1.3,1.37,1.62,1.57,2.73,2.51,2.99,4.19,1.98,2.09,2.11,1.15,1.37,0.96,1.47,2.31,2.53,3.83,4.09,4.15,1.38,2.27,1.2,1.47,1.59,1.35,1.13,0.91,3.81,2.44,2.99,2.3,1.25,1.6,2.09,1.25,1.01,1.27,2.96,2.68,1.89,2.52,3.16,1.27,1.34,1.37,0.99,1.15,0.91,1.47,1.85,1.27,2.37,3.07,4.01,4.35,1.08,1.27,0.87,1.26,1.11,1.36,1.98,2.33,2.09,1.68,2.66,3.42,0.3,1.19,0.76,0.95,1.42,0.94,2.67,1.5,3.05,2.61,3.65,2.81,2.03,2.48,0.87,1.18,1.18,1.5,2.74,1.38
IND.11525,Nagaland,0.43,0.2,2.27,1.53,0.42,-0.06,0.45,0.19,0.24,0.9,0.54,1.18,1.09,0.16,0.45,1.96,1.1,0.35,0.53,0.56,0.77,1.12,1.16,1.2,1.99,1.28,1.62,4.1,1,0.29,0.86,0.45,0.58,1.13,0.97,1.95,2.34,2.04,2.37,2.5,1.39,0.59,0.7,0.25,0.64,0.86,0.96,1.28,1.69,2.48,2.25,1.26,1.77,0.99,0.56,0.25,0.46,0.63,0.86,1.18,0.69,0.85,1.27,2.06,1.54,0.62,0.42,0.37,0.27,0.53,0.67,0.43,1.64,1.71,4.52,3.32,2.19,1.37,1.02,1.01,0.9,1.28,1.03,1.87,1.41,2.84,3.12,3.44,3.26,2,1.29,1.54,1.05,1.04,1.35,1.46,2.95,2.56,2.52,4.04,2.03,1.87,1.65,1.41,1.38,1.44,2.11,3.66,2.06,4.75,3.99,3.61,1.98,1.94,1.95,1.3,1.02,0.89,1.02,1.23,3.34,3.63,3.24,2.54,1.94,2.18,0.97,1.25,1.14,1.16,2.11,3.6,2.14,2.76,4.11,2.47,2.12,2.58,1.15,1.02,1.43,1.27,2,2.86,2.85,2.45,3.22,4.22,2.25,2.04,1.77,1.49,0.77,0.7,1.47,2.76,2.89,2.11,5.21,2.64,2.46,2.92,1.04,1.31,0.77,1.32,2.62,3.16,2.7,3.13,3.02,2.89,1.56,1.77,1.32,1.44,1.82,0.76,2.05,3.21
IND.11526,Odisha,1.74,0.78,0.84,1.14,0.16,0.64,0.58,0.38,0.42,0.21,0.5,0.06,1.48,0.56,0.9,1.17,0.13,2.72,0.39,0.48,0.03,0.7,1.29,0.03,1.18,2.37,1.25,2.03,0.8,2.39,0.63,0.09,0.32,1.32,0.72,1.65,1.97,1.78,2.17,1.73,1,2.86,0.44,0.43,0.46,0.92,1.38,0.87,2.56,2.24,1.62,1.1,1.36,2.4,0.57,0.2,0.13,0.9,1.38,2.43,1.11,1.29,1.61,1.11,0.96,1.5,0.49,0.58,0.49,1.05,1.59,1.25,2.78,2.45,2.23,2.07,2.09,2.58,1.42,1.47,1.84,2.44,2.47,2.94,2.37,4.19,2.31,1.68,3,5.26,1.77,1.3,1.69,3.02,3.89,3.09,3.21,2.76,3.09,1.54,2.23,3.68,1.46,1.46,1.54,2.4,3.94,3.01,3.41,2.83,3.12,2.09,1.44,2.95,1.42,1.31,1.51,3.41,3.08,3.41,3.83,3.71,3.44,3.6,2.3,4.83,1.81,1.35,1.94,3.57,5.47,3.99,2.05,5.66,2.45,1.74,3.08,5.35,1.43,0.75,1.6,3.44,3.4,2.88,2.93,3.54,3.38,2.59,1.82,3.79,1.36,1.25,1.38,1.77,3.56,2.44,2.9,3.01,1.95,1.8,2.05,3.85,1.19,0.96,1.32,1.39,2.93,2.49,2.66,2.87,2.68,2.05,1.87,2.69,1.32,1.16,1.19,2.53,4.87,1.92
IND.11527,Puducherry,0.72,0.2,0.14,0.29,0.73,0.04,0.7,0,0.65,-0.14,0.73,0.68,0.94,0.08,0.66,0.39,0.5,1.05,1.73,0.61,0.27,0.23,0.67,0.74,0.91,1.12,1.03,0.67,0.67,0.71,1.23,0.23,0.71,1.23,0.68,0.75,0.89,0.66,0.69,0.55,0.78,0.59,0.4,0.5,1.03,0.78,1.02,0.87,0.74,0.86,0.88,0.38,0.9,0.83,0.99,0.61,0.29,0.66,0.46,1.28,0.77,0.67,0.69,0.42,0.61,0.7,0.73,0.85,1.2,0.73,1.01,0.97,2.22,1.93,1.7,0.99,1.37,0.74,2.09,1.56,1.5,1.33,2.5,3.51,2.52,1.4,1.94,1.32,1.62,1.03,2.53,2.08,2.57,1.39,2.9,1.96,1.63,1.8,1.34,1.25,1.27,1.43,2.12,2.85,2.8,2,2.28,2.9,2.73,1.82,1.27,1,1.46,2.14,3.11,2.81,3.85,1.94,2.53,2.18,2.89,1.92,1.66,1.16,1.53,2.27,2.55,2.27,2.42,1.52,2.88,2.16,2.1,1.99,1.63,0.85,1.41,1.45,3.35,2.66,2.16,2.07,3.82,2.18,2.17,1.82,1.53,0.45,1.7,1.23,2.05,1.99,2.17,1.15,2.98,2.69,2.36,1.8,1.7,1.1,1.03,1.31,2.22,1.91,1.86,1.29,2.53,3.22,2.17,1.99,2.31,1.04,1.48,1.15,2.14,2.52,2.48,1.81,3.05,2.19
IND.11528,Punjab,2.98,2.41,4.05,2.43,2.01,1.84,1.36,0.78,0.6,-0.32,-0.14,1.29,3.66,3,3.88,2.64,1.71,0.91,0.7,0.9,0.44,-0.22,1.7,3.23,3.59,5.78,5.34,1.47,4.74,2.21,0.93,1.72,0.82,-0.39,1.54,2.03,3.99,2.41,4.92,3.56,3.46,2.26,1.03,1.75,1.5,0.59,1.33,3.16,2.79,3.54,3.05,1.96,1.95,1.62,1.4,0.91,1.88,0.92,0.85,1.87,3.06,2.26,2.7,1.91,2.02,2.09,1.35,1.45,1.39,1.09,1.55,2.03,4.65,7.1,5.43,4.25,4.55,4.21,2.28,1.86,3.35,3.12,2.4,2.36,4.7,3.93,6.75,5.98,5.96,6.34,4.43,3.17,4.87,4.89,3.13,4.08,5.68,5.76,5.79,6.1,5.56,5.37,4.53,4.82,5.16,4.01,2.65,4.07,4.16,3.77,4.17,5.93,5.06,4.32,3.82,4.34,4.85,2.8,2.73,4.19,3.65,3.82,3.6,6.24,5.09,3.68,3.2,3.12,3.93,3.57,2.3,2.93,2.85,3.23,2.79,4.03,4.96,5.18,4.31,4.18,3.73,3.4,3.4,2.23,2.18,3,3.91,2.34,5.29,5.76,4.19,3.16,4.46,3.91,2.35,2.73,3.02,1.86,2.89,2.19,4.46,4.21,2.72,2.8,2.96,1.33,1.24,3.59,3.39,3.07,2.63,3.65,4.6,5.44,3.69,3.14,3.95,3.31,3.97,4.63
IND.11529,Rajasthan,0.92,0.22,2.63,0.6,1.25,1.73,1.08,0.9,0.57,-0.61,0.27,0.69,2.49,2,1.47,0.65,0.63,0.83,1.12,0.6,1.6,-0.97,0.67,1.28,2.13,3.41,1.65,0.78,2.06,0.29,1.64,1.44,0.52,1.5,0.2,2.16,1.99,1.35,2.1,1.99,1.87,1.72,0.8,2.61,2.44,0.91,1.41,1.16,2.49,2.89,1.21,1.12,1.94,1.51,1.52,0.68,1.59,1.66,0.99,1.29,2.06,2.08,1.62,1.49,1.38,1.16,1.32,1.25,1.47,1.22,1.79,1.52,4.82,5.2,2.28,2.21,2.37,3.16,3.21,2.24,4.45,2.73,2.61,2.95,4.58,2.81,4.71,4.26,4.43,3.66,4.06,3.82,6.16,4.86,4.3,3.73,4.68,5.52,5.02,4.36,3.36,3.02,4.29,5.49,8.36,4.76,4.45,6.03,4.35,3.6,2.86,3.85,4.35,3.13,4.85,4.68,7.46,4.55,5.24,3.41,6.04,3.92,2.78,3.43,3.62,3.28,3.66,4.78,7.35,6.83,4.15,3.89,3.08,3.29,2.75,2.59,3.36,3.88,4.46,3.68,5.82,5.01,3.79,3.59,3,4.07,2.74,3.01,4.5,4.27,4.47,3.97,7.17,3.82,3.2,3.56,2.37,3.27,2.3,2.44,2.4,4.37,2.62,3.58,5.35,4.5,3.97,4.69,3.32,1.74,2.67,4.76,3.95,3.02,4.02,4.79,6.48,3.75,3.21,4.22
IND.1153,Arunachal Pradesh,1.9,0.82,1.26,0.94,0.77,0.5,0.74,0.31,0.38,1.39,1.36,2.77,2.31,1.09,1.47,0.87,1.16,0.48,0.75,0.86,0.69,1.57,1.69,3.64,1.92,1.82,1.96,2.02,0.6,0.71,0.79,0.49,0.62,1.96,2.15,2.7,2.75,1.77,1.92,1.21,0.96,0.99,0.69,0.44,0.63,1.23,1.89,2.69,2.25,1.46,1.29,0.76,1.3,0.71,0.69,0.51,0.77,1.63,1.62,1.2,0.8,0.26,0.69,1.22,1.41,0.48,0.36,0.45,0.37,0.35,1.05,0.79,1.89,1.63,1.89,2.7,1.99,1.63,1.07,1.15,1.01,1.36,1.37,2.51,1.29,2,2.13,3.11,2.59,1.44,1.58,1.5,1.1,1.14,1.74,1.49,2.74,2.58,2.43,3.79,1.76,1.78,1.24,1.01,0.86,1.54,2.31,2.91,1.83,2.53,2.56,2.93,2.29,1.39,1.33,1.02,1.64,1.45,1.7,1.12,2.15,2.19,3.45,2.15,1.81,1.92,0.84,1.11,1.45,1.5,2.62,2.53,2.21,2.24,2.71,2.43,2.43,1.72,1.15,1.03,1.49,1.79,2.12,1.76,2.94,1.68,2.25,3.43,2.25,1.56,1.11,1.2,0.58,0.83,1.82,2,1.79,2.21,3.94,2.4,1.86,1.8,1.41,1.39,1.06,1.53,2.32,2.13,2.31,2.34,2.7,3,1.32,1.72,1.12,1.27,1.56,1.04,2.46,1.9
IND.11530,Sikkim,1.76,1.8,1.26,1.53,0.26,-0.04,0.73,0.6,0.72,0.66,1.26,2.35,1.6,1.23,2.17,0.78,0.25,0.64,0.62,0.69,0.19,0.43,1.68,2.02,2.76,2.75,2.67,1.92,0.89,1.01,0.68,0.63,0.63,0.32,0.92,1.77,1.64,3.09,1.69,1.52,2.15,0.84,0.62,0.53,0.48,0.97,1.13,1.42,2.33,3,1.98,1.8,0.93,1.15,0.96,0.61,0.96,0.81,1.12,1,0.85,1.71,1.78,2.06,0.76,0.86,0.45,0.4,0.35,0.77,0.72,0.93,1.72,1.82,2.46,2.08,2.05,1.43,1.22,1.7,1.19,2.11,2.33,2.23,1.37,2.39,3.18,3.41,2.65,2.83,2.72,1.92,2.32,2.12,3.75,2.59,1.88,1.8,3,3.87,2.14,2.06,0.97,1.58,1.26,2.95,2.26,3.39,1.79,2.82,3.26,3.68,1.77,2.23,2.7,2.5,1.82,2.69,2.62,1.53,3.63,3.34,4.09,2.42,2.66,1.41,2.02,1.84,2.65,2.84,4.2,3.67,2.21,3.03,4.6,2.19,2.61,2.04,0.71,1.36,0.87,2.4,3.08,2.03,2.84,2.91,4.11,4.47,2.57,1.35,1.22,1.61,2.58,2.56,2.62,3.28,2.54,2.61,4.34,2.35,2.75,2.48,0.98,2.44,2.36,1.97,2.51,3.37,3.34,3.11,4.34,4.59,1.38,1,1.27,1.4,2.43,1.94,2.54,2.79
IND.11531,Tamil Nadu,0.73,1.07,0.21,0.73,0.82,0.14,0.78,0.42,0.79,0.68,0.78,0.73,1.38,0.74,1.28,0.61,0.82,1.24,1.67,0.75,0.47,0.89,1.63,1.27,1.38,1.74,1.87,0.69,0.72,0.74,0.88,0.02,0.6,1.65,1.34,0.86,1.28,0.73,1.23,0.78,1.11,0.21,0.8,1.18,1.25,1.22,0.64,0.99,1.43,1.28,0.82,0.88,0.98,0.81,1.07,0.56,0.43,0.74,0.65,2.03,0.76,1.06,0.77,0.53,0.63,0.42,0.86,0.8,1.27,0.74,1.26,1.02,2.04,2,2.15,0.83,1.33,0.94,1.79,1.31,1.4,1.93,2.71,3.86,1.94,1.52,2.1,1.74,1.39,1.09,2.09,1.85,2.59,1.68,2.91,2.51,2.65,1.48,1.44,1.43,1.37,1.35,1.62,2.46,2.49,2,3.44,3.41,2.87,2.05,1.22,1.23,0.87,1.32,2.86,2.3,4.32,2.05,3.08,2.12,2.89,2.82,2.45,1.26,1.43,2.03,2.24,2.44,3.09,2.14,3.4,2.73,2.57,3.31,1.23,0.86,1.28,1.36,3,2.1,2.07,2.82,3.42,2.62,2.08,2.38,2.09,0.92,1.66,1.12,2.43,1.74,2.1,1.24,3.22,3.15,3.06,2.11,2.19,1.31,1.07,1.67,2.61,1.62,1.97,1.81,3.07,3.37,2.41,3.02,2.45,2.24,1.39,1.43,2.13,2.27,2.7,2.08,3.09,2.62
IND.11532,Telangana,0.69,0.5,0.62,0.3,-0.17,0.48,0.85,0.83,2.07,1.36,1.5,1.24,1.66,0.19,0.87,0.63,0,2.56,0.09,1.2,0.81,0.85,2.57,0.79,1.45,2.46,0.82,1.39,0.87,0.87,1.25,0.31,0.64,2.47,1.47,1.39,0.94,2.26,2.13,1,1.29,1.03,1.09,0.08,1.03,1.29,3.21,1.72,1.9,1.81,1.44,1.26,1.44,2.31,1.39,1.07,0.32,1.39,1.24,1.83,1.39,1.71,1.19,1.18,1.11,1.38,1.09,1.05,1.01,1.61,2.43,1.56,3.25,2.67,2.63,2.15,2.56,2.95,1.95,1.86,2.43,4.3,4.35,2.41,2.37,2.97,1.85,2.51,3.28,4.23,2.74,2.6,2.85,4.45,5.04,2.84,3.35,3.1,1.83,2.35,3.68,3.45,2.68,3.13,3.68,4.67,6.73,5.67,4.89,4.41,3.04,1.99,3.35,4.83,2.46,2.48,4.42,5.48,6.76,4.14,4.07,3.11,2.28,3.24,3.85,4.69,2.73,3.49,3.43,4.2,6.73,5.18,2.72,4.15,2.2,1.74,2.93,2.37,2.81,1.65,2.21,5.68,6.41,3.7,3.41,5.55,3.11,1.27,4.19,3.38,2.55,2.57,3.13,3.55,7.25,3.85,4.66,3.47,2.1,1.49,3.41,3.44,3.09,2.53,2.85,3.95,6.87,5.12,2.91,5.19,2.97,3.41,2.91,4.75,2.47,3.85,3.26,5.18,6.7,3.76
IND.11533,Tripura,0.66,-0.03,1.84,2.1,0.07,0.84,0.54,0.13,0.37,0.74,0.41,0.22,1.35,0.76,1.31,1.19,0.05,0.24,1.19,0.14,0.3,0.89,1.1,0.7,1.36,2.07,3.18,2.32,0.37,0.86,0.85,0.25,0.35,0.52,1.15,0.88,2.09,2.05,2.39,2.66,0.61,0.98,0.81,0.42,0.24,0.82,0.62,0.96,2.62,2.69,2.55,1.11,1.16,1.26,0.64,0.48,0.61,0.59,0.87,1.38,0.65,0.67,2.44,1.75,1.25,0.61,0.45,0.42,0.27,0.68,0.89,0.54,1.64,1.91,3.52,2.22,1.68,1.53,0.99,0.94,0.62,1.18,1.26,1.05,1.86,3.69,4.58,2.12,2.18,2.3,1.43,1.46,1.17,1.4,2.24,1.78,2.51,2.25,3.61,3.93,2.4,2.16,2.44,1.11,1.33,0.88,1.55,2.25,2.65,3.47,4.09,3.47,1.1,1.96,1.08,1.57,1.24,0.86,0.99,0.57,3.46,2.65,3.69,2.1,1.18,1.56,2.57,1.47,1.05,1.79,2.42,2.19,2.23,2.73,4.15,1.38,1.06,1.58,0.94,1.25,1.09,1.15,1.84,1.11,2.64,3.25,5.33,3.21,1.07,1.64,0.82,1.12,0.95,1.21,1.88,1.67,2.51,1.48,2.88,3.08,0.8,1.38,0.76,1.88,1.36,0.81,1.86,1.77,3.07,2.62,3.94,2.38,1.08,2.36,1.54,1.2,1.23,1.27,1.93,1.22
IND.11534,Uttar Pradesh,0.74,0.67,1.38,1.1,0.93,1.33,0.5,0.31,0.84,-0.61,0.66,-0.66,1.02,2,1.16,1.46,-0.32,0.39,0.5,0.95,0.48,-0.17,-0.09,0.2,1.62,4.8,3.87,2.68,2.27,2.66,0.49,0.48,1.04,-0.81,0.71,1.34,0.76,1.37,5.51,2.76,3.15,1.94,0.74,0.75,0.98,1.53,0.7,1.45,3.78,2.72,1.45,2.08,2.17,3.13,1.26,0.42,0.94,0.47,1.02,2.03,1.59,2.01,2.31,1.65,1.46,1.58,1.33,0.89,1.1,1.72,1.5,2.2,4.5,5,4.6,3.06,3.03,4.35,2.39,1.51,2.34,3.22,2.86,2.03,3.18,4.88,4.66,4.15,5.76,5.59,3.04,2.02,3.61,4.17,2.95,2.62,3.93,3.07,5.07,4.11,4.55,6.16,2.69,2.09,3.86,4.22,2.43,3.26,2.44,3.73,2.95,3.68,3.73,5.08,2.49,2.16,3.42,3.32,4.34,2.34,3.07,4.61,3.08,4.56,3.88,7.81,2.71,2.14,3.07,4.09,4.12,3.78,2.69,3.94,4.58,3.26,4.19,6.94,2.38,2.15,2.99,5.04,3.99,3.49,4.26,4.48,2.79,2.38,4.09,4.55,2.83,2.43,3.07,2.58,3.17,2.46,2.58,2.84,2.38,1.62,2.51,5.28,1.62,2,2.36,1.93,3.21,4.43,3.34,3.55,2.77,2.34,4.6,4.85,2.09,2.1,2.66,3.07,4.29,3.3
IND.11535,Uttarakhand,2.94,1.81,3.33,2.02,3.11,2.61,0.45,0.31,0.77,-0.31,0.89,2.54,3.11,2.15,2.78,3.78,4.08,1.05,0.15,0.37,0.55,1.14,1.65,3.8,2.75,3.29,4.24,3.01,3.64,2.41,0.69,0.37,0.44,-0.36,1.47,1.88,2.84,2.3,4.11,3.51,2.72,1.77,1.34,0.75,1.77,1,2.5,3.47,2.56,2.66,2.23,2.34,2.03,2.66,1.2,0.44,0.64,0.72,1.05,1.57,1.33,1.46,2.13,2.16,1.73,1.66,0.56,0.64,1.05,1.64,1.65,1.68,2.72,3.83,3.38,3.98,3.9,3.96,1.67,1.56,2.78,2.57,2.17,1.96,3.15,3.39,5.54,5.05,6,5.55,2.31,1.95,4.21,3.19,2.79,2.96,3.55,3.6,3.68,5.58,6.62,5.83,3.5,2.04,4.09,4.76,4.15,3.03,3.3,2.63,3.56,4.64,5.08,5.61,2.46,1.84,3.28,3.3,2.88,2.12,0.97,2.16,3.61,3.98,5.24,4.27,2.76,2.08,2.92,3.46,3.36,2.53,1.9,3.25,2.49,3.85,4.3,6.62,2.56,1.58,2.66,3.67,3.01,4.02,1.64,3,3.71,3.32,5.64,5.31,2.84,1.96,3.47,4.3,2.77,4.36,2.16,1.85,2.11,2.82,3.77,3.52,1.74,1.11,2.6,2.45,1.45,3.43,3.32,2.27,2.79,3.06,4.9,4.24,2.53,1.76,3.4,3.08,4.18,3.08
IND.11536,West Bengal,0.69,-0.4,0.2,1.74,-0.14,0.89,0.37,0.3,0.45,-0.04,-0.06,0.04,0.69,0.43,0.86,0.48,-0.03,0.82,0.5,0.46,0.2,0.77,0.67,-0.06,1.67,2.55,2.62,3.26,0.59,1.03,0.41,0.17,0.2,0.46,-0.13,1.4,1.7,1.96,2.3,2.22,0.97,0.94,0.4,0.33,0.32,0.27,0.01,0.33,2.02,2.63,2.64,1.94,1.05,1.35,0.59,0.07,0.5,0.44,1.13,1.52,1.12,1.04,3.06,2.33,1.69,1.09,0.48,0.23,0.44,0.59,0.94,0.74,2.65,2.05,2.79,3.27,2.1,2.24,1.19,1.02,1.28,1.69,1.95,1.42,2.19,3.56,3.51,4.32,3.03,3.12,2.08,1.21,1.7,2.33,3.62,2.96,2.41,2.26,2.88,3.32,3.24,2.66,1.7,1.13,1.35,1.66,2.02,2.08,2.03,2.32,3.01,4.26,1.49,2.55,0.8,1.32,1.7,2.41,2.16,1.21,2.69,3.91,3.65,3.03,2.18,3.15,1.44,1.08,1.18,2.66,3.29,2.9,1.41,3.59,4.34,1.6,2.75,1.51,0.94,0.88,1.19,1.5,3.08,1.63,1.9,2.21,3.09,3.3,1.64,3.32,0.84,0.76,0.8,1.09,2.17,1.99,2.32,1.96,2.72,4.25,2.3,2.52,0.79,0.91,0.87,1.26,2.32,2.49,2.67,2.57,3.16,2.77,1.89,1.75,0.89,0.87,0.72,2.05,2.19,1.61
IND.1154,Assam,0.92,-0.01,1.04,0.26,0.68,0.01,0.49,0.21,0.24,0.61,0.55,1.81,1.18,0.41,0.59,1.34,0.53,0.17,0.48,0.42,0.62,1.09,0.97,1.2,1.5,1.01,0.96,2.77,0.33,0.34,0.76,0.46,0.34,0.94,1.19,1.51,2.09,1.96,2.05,1.55,0.62,0.34,0.62,0.37,0.4,0.72,0.87,1.46,2.01,2.17,1.72,1,1.09,0.52,0.49,0.35,0.47,0.8,0.78,1.43,0.64,0.46,2.29,1.1,1.22,0.63,0.36,0.37,0.31,0.35,0.71,0.43,1.86,1.58,3.92,3.31,1.82,0.92,1.1,1.18,0.74,1.36,1.27,1.41,1.05,2.45,3.26,3.18,2.51,1.65,1.21,1.37,1.17,1.4,2.11,1.73,2.16,2.48,3.2,2.97,1.49,1.39,1.28,1.19,1.09,1.34,1.59,2.69,1.53,2.89,3.83,2.83,2.03,1.7,1.61,1.01,1.37,0.77,1.01,0.74,2.08,2.75,3.3,2.63,1.51,1.43,1.19,1.41,1.11,1.35,2.2,1.97,1.26,2.35,3.76,2.05,1.91,1.47,1.1,1.02,1.04,1.21,1.79,1.36,2.47,2.18,2.63,4.32,1.41,1.53,1.12,1.4,0.68,1.1,1.35,1.43,1.54,1.72,4.3,3.93,2.23,1.68,1.27,1.44,1.07,0.89,2.12,2.16,1.53,1.99,2.75,2.51,1.63,1.25,0.78,1.09,1.2,1.16,1.61,1.76
IND.1155,Bihar,0.64,0.94,0.95,2.08,-1.33,0.43,0.24,0.09,0.67,0.74,-0.53,-0.74,0.12,0.12,1.58,0.33,-0.89,0.06,0.17,0.74,0.61,0.56,-0.08,-0.31,1.69,4.23,2.72,3.53,0.36,1.43,0.79,0.12,0.51,-0.22,-0.04,1.48,0.83,2.21,2.61,2.66,2.55,2.05,0.44,0.38,0.64,1.21,0.34,0.88,1.42,2.73,1.46,2.51,1.82,2.26,0.61,0.43,0.76,-0.07,0.77,0.58,1.03,1.47,3.22,2.58,1.85,1.53,0.76,0.48,0.42,0.83,1,1.45,3.04,3.14,3.72,3.31,3.58,3.31,1.33,1.18,1.48,2.2,2.43,2.15,2.21,4.47,4.29,4.65,5.5,5.58,2.69,1.13,1.77,3.13,3.65,2.8,2.52,2.03,2.76,3.59,4.46,4.47,1.75,1.78,1.49,2.21,1.89,1.53,2.02,2.75,3.92,3.82,2.21,3.63,1.21,2.22,1.66,2.42,3.47,2.41,3.05,4.66,3.93,3.78,4.32,5.71,1.64,1.85,1.46,2.36,4.52,3.03,3.08,3.47,4.34,3.49,5.29,5.72,0.99,1.81,1.23,2.11,3.41,2.56,2.69,3.65,3.2,3.42,5.24,3.25,1.09,1.72,1.63,1.97,3.43,1.49,2.24,2.25,2.29,3.33,2.09,3.73,1.13,1.21,1.54,2.14,3.62,4.06,2.99,3.94,3.27,2.4,3.28,3.91,0.86,2.1,1.46,3.11,2.23,2.47
IND.1156,Chandigarh,2.2,2.2,3.42,1.88,1.92,1.32,0.86,0.62,0.84,-0.41,0.48,2,3.4,3.4,2.99,2.69,2.21,0.9,0.68,0.86,0.33,0.37,1.09,3.07,2.94,4.85,3.94,1.5,3.53,2.02,1.11,0.89,0.69,-0.74,0.96,1.46,3.64,1.41,3.61,3.43,2.2,1.73,0.66,1.16,1.28,0.36,1.36,3.72,3.2,3.35,2.27,2.16,2.21,1.86,1.06,0.64,1.01,0.45,0.83,1.7,2.41,1.58,2.22,1.78,1.74,1.55,0.97,0.84,1.35,1.1,1.35,1.74,3.95,4.96,4.1,3.66,3.84,4.54,1.95,1.5,2.94,2.57,2.28,2.31,3.23,3.82,5.18,5.11,4.91,6.03,3.5,2.1,4,3.9,2.83,2.92,5.03,4.18,4.08,5.15,5.15,5.35,3.42,3.2,3.96,4.79,2.68,3.38,3.96,2.85,3.76,4.95,4.34,4.91,3.1,2.59,3.71,2.88,2.38,3.43,2.74,3.1,2.96,4.8,3.95,4.56,2.9,2.06,3.05,4.15,2.09,2.8,1.91,3.31,1.76,3.08,3.83,6.2,2.91,2.32,3.01,3.13,2.55,3.15,2.07,2.61,2.64,2.18,4.76,4.5,3.42,2.87,3.51,3.68,2.43,3.44,2.07,1.73,2.12,1.68,3.89,4.24,2.24,1.75,2.4,1.9,0.99,3.1,3.16,2.33,2.44,2.93,4.71,5.63,3.06,2.68,2.97,2.94,3.61,3.21
IND.1157,Chhattisgarh,1.15,0.17,1.35,1.22,0.03,2.08,0.65,0.57,0.84,0.23,0.43,1.15,2.17,2.51,1.31,1.68,-0.38,2.41,0.18,0.5,0.6,0.84,0.88,0.62,1.46,4.47,1.57,1.48,1.11,2.12,0.73,-0.03,0.75,2.13,0.65,0.87,1.46,2.81,3.51,1.91,2.78,3.15,0.97,0.44,1.12,1.04,2.02,0.71,2.51,2.46,1.44,1.31,2.86,3.12,0.86,0.3,0.14,0.64,1.7,2.76,1.37,1.72,2.36,1.7,0.93,1.55,0.82,0.88,0.63,1.56,1.85,1.48,4.1,2.88,3.17,2.9,4.13,3.88,2.04,1.39,2.35,3.41,3.65,2.81,3.53,5.24,3.07,3.02,3.99,7.33,1.93,1.94,2.68,4.29,5.73,3.46,3.63,3.99,4.34,3.54,3.74,5.69,2.29,1.81,2.89,4.32,4.95,4.81,5.19,4.89,4.26,3.95,2.96,3.88,1.84,2.63,2.5,4.08,6.26,2.56,4.65,5.03,4.14,5.1,4.15,7.57,2.26,1.9,2.54,4.06,6.85,4.69,2.49,6.6,2.5,2.21,3.89,7.53,1.94,1.14,2.03,4.13,4.58,3.81,4.45,5.38,2.71,3.62,3.75,5.63,2.27,1.69,2.48,2.63,6.86,3.53,5.89,4.33,2.7,1.72,3.86,5.44,1.72,1.63,2.2,2.78,6.15,6.14,4.05,3.52,2.78,2.23,2.97,4.88,1.91,2.28,1.94,3.56,5.01,3.15
IND.1158,Dadra and Nagar Haveli,0.35,1.16,0.69,0.48,0.18,0.35,0.23,0.08,0.63,0.06,1.2,-0.15,1.38,1.15,0.69,0.3,0.66,0.31,0.21,-0.1,0.33,0.67,1.52,0.23,1.02,0.81,0.86,0.38,0.36,0.3,0.32,-0.01,0.37,1.05,0.38,1.08,0.95,0.53,1.32,0.79,1.14,0.79,0.16,0.35,0.64,1.24,1.32,1,1.51,0.68,0.48,1.46,0.54,0.27,0.13,0.18,0.13,0.79,0.84,1.84,1.12,0.99,1.42,1.11,0.52,0.56,0.69,0.53,0.69,2.24,1.39,1.6,1.84,1.83,1.95,1.69,1.7,2.08,0.97,1.26,1.33,3.69,2.6,2,3.62,2.3,2.93,3.16,2.06,2.06,1.22,1.47,1.8,4.36,3.98,3.74,4.61,3.65,2.72,2.85,2.04,1.19,1.42,1.77,2.92,6.63,4.67,5.15,4.19,3.76,2.83,2.42,2,1.57,1.38,1.28,2.74,5.02,5.47,3.33,2.67,3.07,2.35,2.97,2.09,1.91,1,1.28,1.94,4.93,5.59,4.48,2.71,4.61,3.35,2.72,1.88,2.65,1.29,1.12,2.44,4.36,3.93,3.48,2.75,2.87,2.87,3.51,2.13,1.29,1.41,1.97,1.93,3.92,5.18,4.12,2.22,2.11,2.34,2.03,1.24,1.69,0.99,0.96,1.83,3.9,4.14,3.94,2.83,2.54,3.28,3.05,1.6,1.7,1.01,2.11,2.07,4.6,4.17,3.79
IND.1159,Daman and Diu,0.29,1.41,0.86,0.62,0.04,0.31,0.38,-0.33,0.1,0.15,0.84,-0.08,1.36,1.33,0.59,0.34,0.68,0.19,0.11,-0.03,0.07,0.41,1.22,0.33,0.93,0.81,0.92,0.24,0.11,0.4,0.33,-0.06,0.65,0.61,-0.46,1.1,0.83,0.67,1.36,0.55,0.98,0.72,0.19,0.31,0.38,1.1,0.76,0.53,1.31,1.04,0.54,1.48,0.64,0.22,0.09,0.08,0.14,0.86,0.57,1.37,1.09,1.05,1.62,1.22,0.52,0.43,0.53,0.42,0.71,1.73,1.56,1.27,2.17,2.22,2.04,1.73,1.62,1.84,1.08,1.19,1.31,3.99,2.39,1.69,4,2.91,3.07,2.82,2.04,1.54,1.16,1.3,1.84,3.8,4.37,4.23,5.04,4.31,2.95,3.19,1.83,1.13,1.43,1.62,2.97,5.37,4.58,4.83,3.3,3.83,3.39,2.46,1.68,1.66,1.39,1.22,2.95,4.28,5.56,3.13,2.87,3.49,2.24,3.36,2.09,1.81,0.94,1.07,2.15,4.83,5.92,4.67,3.44,4.83,2.64,3.04,1.52,2.13,1.12,0.99,2.48,4.03,4.6,3.63,3.1,3.34,2.82,3.67,1.79,0.96,1.1,1.93,2.31,3.4,4.92,5.07,2.69,2.28,2.31,2.19,1.57,1.67,1.05,0.71,1.64,3.37,5.06,4.6,3.45,3.42,3.69,2.72,1.36,1.65,1.02,1.82,2.22,4.04,4.15,3.99