Category,"Hist. Ref. Per., 1950-2014",SSP1-1.9,SSP1-2.6,SSP2-4.5,SSP3-7.0,SSP5-8.5,"Hist. Ref. Per., 1950-2014.1",SSP1-1.9.1,SSP1-2.6.1,SSP2-4.5.1,SSP3-7.0.1,SSP5-8.5.1,Unnamed: 13,SSP1-1.9_HeatIndex,SSP1-2.6_HeatIndex,SSP2-4.5_HeatIndex,SSP3-7.0_HeatIndex,SSP5-8.5_HeatIndex
1990,60.55,,,,,,24.26,,,,,,,,,,,
1991,60.4,,,,,,24.29,,,,,,,,,,,
1992,60.59,,,,,,23.88,,,,,,,,,,,
1993,60.63,,,,,,24.01,,,,,,,,,,,
1994,60.57,,,,,,24.12,,,,,,,,,,,
1995,60.66,,,,,,24.25,,,,,,,,,,,
1996,60.65,,,,,,24.16,,,,,,,,,,,
1997,60.91,,,,,,24.32,,,,,,,,,,,
1998,61.31,,,,,,24.28,,,,,,,,,,,
1999,61.05,,,,,,24.37,,,,,,,,,,,
2000,60.62,,,,,,24.38,,,,,,,,,,,
2001,60.98,,,,,,24.5,,,,,,,,,,,
2002,61.2,,,,,,24.51,,,,,,,,,,,
2003,61.76,,,,,,24.4,,,,,,,,,,,
2004,61.4,,,,,,24.52,,,,,,,,,,,
2005,60.78,,,,,,24.53,,,,,,,,,,,
2006,61.42,,,,,,24.42,,,,,,,,,,,
2007,61.67,,,,,,24.43,,,,,,,,,,,
2008,61.88,,,,,,24.4,,,,,,,,,,,
2009,61.12,,,,,,24.5,,,,,,,,,,,
2010,60.85,,,,,,24.58,,,,,,,,,,,
2011,61.31,,,,,,24.63,,,,,,,,,,,
2012,61.4,,,,,,24.67,,,,,,,,,,,
2013,61.74,,,,,,24.62,,,,,,,,,,,
2014,,61.74,61.74,61.74,61.74,61.74,,76.334,76.334,76.334,76.334,76.334,,78.22982937414125,78.22982937414125,78.22982937414125,78.22982937414125,78.22982937414125
2015,,61.92,61.69,62.33,61.69,62.05,,76.388,76.406,76.406,76.406,76.388,,78.27082621413872,78.28864513519638,78.27962318283517,78.28864513519638,78.26892932774047
2016,,61.84,62.14,61.74,61.9,61.67,,76.316,76.334,76.19,76.37,76.44200000000001,,78.21376155146886,78.22337161509856,78.11544336718946,78.25646844939843,78.31814585548517
2017,,62.02,61.99,61.98,62.11,62.13,,76.334,76.406,76.37,76.28,76.388,,78.22535307635884,78.28454604098539,78.25526583392323,78.18006228007076,78.26774044422501
2018,,62.02,62.12,61.88,61.81,62.45,,76.44200000000001,76.388,76.496,76.44200000000001,76.532,,78.31374868509711,78.2678899533648,78.36004682874984,78.31642386164755,78.38390639884992
2019,,62.01,61.54,62.1,62.18,62.35,,76.514,76.604,76.37,76.622,76.568,,78.3735863323199,78.45257985582548,78.25343086103103,78.46306607941428,78.41557680962097
2020,,61.84,61.17,61.95,61.79,62.57,,76.514,76.91,76.424,76.46,76.46,,78.37537540814554,78.71119107055372,78.29985929605762,78.33141694786124,78.32140207162507
2021,,61.95,61.56,61.88,62.25,62.25,,76.55,76.748,76.622,76.44200000000001,76.514,,78.4042520084402,78.57334596032635,78.46528232266266,78.31069180190377,78.37094104770026
2022,,62.4,62.59,62.3,62.62,62.42,,76.514,76.622,76.712,76.496,76.406,,78.36921668246501,78.45970083349667,78.53968349266097,78.35125493419005,78.2782707702996
2023,,62.28,61.83,62.19,62.84,62.51,,76.604,76.73,76.766,76.47800000000001,76.676,,78.44690062581304,78.55721980093841,78.5870650058045,78.33296229369202,78.50716733675831
2024,,62.21,61.8,62.21,62.55,62.57,,76.676,77.036,76.874,76.37,76.712,,78.50909520614755,78.82432784901698,78.68181183300662,78.24621786923922,78.53821476806306
2025,,62.26,61.97,62.54,62.22,62.72,,76.64,76.85600000000001,76.712,76.496,76.766,,78.47784914804313,78.665929861864,78.53838592473335,78.35617385671449,78.5850802005263
2026,,62.13,61.65,62.19,62.8,62.19,,76.69399999999999,76.82,76.80199999999999,76.604,76.892,,78.5250302558145,78.63473031600657,78.61848509048907,78.44214623849328,78.69773703267711
2027,,62.16,61.96,62.39,62.64,61.99,,76.766,76.82,76.78399999999999,76.78399999999999,77.018,,78.58715926476006,78.63453227255901,78.6021926185423,78.60136962309605,78.80934757278843
2028,,62.06,61.38,62.29,62.9,61.97,,76.874,77.252,76.712,77.0,76.982,,78.6817515905348,79.01403637086295,78.53973479234945,78.79677988060031,78.7771142188148
2029,,62.23,62.23,62.22,62.51,62.48,,76.85600000000001,76.928,77.126,76.69399999999999,77.162,,78.6659027458287,78.72979813021641,78.90873669692814,78.52284106234069,78.94423058627896
2030,,62.32,62.0,62.32,63.3,62.18,,76.80199999999999,76.964,76.874,76.748,77.09,,78.61820434629851,78.76121858745918,78.68182690708859,78.5659145796373,78.87554705496156
2031,,62.26,62.25,62.13,62.65,62.62,,76.91,77.162,76.946,76.80199999999999,77.30600000000001,,78.71380428690503,78.94208292124216,78.74560916135614,78.61733123577889,79.08124423835031
2032,,62.38,62.25,62.54,62.78,62.72,,76.982,77.18,77.18,77.108,77.18,,78.7786743801086,78.9586905083342,78.96155565242462,78.89636737312044,78.9632620688333
2033,,62.23,61.73,62.61,62.9,62.38,,76.892,77.126,77.018,76.928,77.18,,78.69777018939115,78.90440529078872,78.81228471111581,78.73066187357895,78.95999257283252
2034,,62.29,62.03,62.56,62.9,62.43,,76.964,77.36,77.108,77.0,77.19800000000001,,78.76217006077232,79.12340201201661,78.89482313749326,78.79677988060031,78.9772402317644
2035,,62.13,62.03,62.46,62.5,62.24,,77.0,77.18,77.14399999999999,76.946,77.612,,78.79389761829422,78.95642152917266,78.9273556068575,78.74648499951923,79.36906865811184
2036,,62.29,62.42,62.76,62.38,62.49,,76.982,77.21600000000001,77.108,77.054,77.468,,78.77835951264191,78.9939248085645,78.89623054708878,78.84404519332688,79.23455074985213
2037,,61.86,61.4,62.48,62.06,62.11,,77.252,77.63,77.504,77.36,77.738,,79.02052524851788,79.36514763475255,79.26925527499588,79.12389337797438,79.48939660521955
2038,,61.85,61.88,62.24,62.28,61.51,,77.27,77.504,77.594,77.378,78.008,,79.03696608689751,79.256675846852,79.35150384290728,79.14452239144295,79.7376922255803
2039,,62.2,61.95,62.76,62.65,62.5,,77.162,77.45,77.36,77.288,77.936,,78.9416039935922,79.2068375892001,79.13497415411359,79.06452633972134,79.70130504218824
2040,,62.16,62.05,62.67,62.8,62.15,,77.21600000000001,77.594,77.234,77.342,78.25999999999999,,78.99100145040492,79.3469393105508,79.01360851020635,79.11824465617084,80.0239194805226
2041,,61.93,61.75,62.33,62.65,61.73,,77.252,77.55799999999999,77.486,77.36,78.278,,79.02144031260536,79.30521926050329,79.24877760101842,79.13328171410095,80.02294960910072
2042,,61.75,61.44,61.62,62.39,62.26,,77.396,77.702,77.936,77.864,78.026,,79.15229564704599,79.43509199713986,79.6699020840228,79.62413822815375,79.78490779072628
2043,,61.85,61.75,61.89,62.12,62.54,,77.342,77.792,77.576,77.756,78.278,,79.10365375548814,79.53180302253371,79.3257464792901,79.50749835364365,80.06136942109578
2044,,61.97,62.04,62.35,62.47,62.01,,77.30600000000001,77.63,77.648,77.55799999999999,78.494,,79.07200761217506,79.38162585456669,79.40714121533128,79.32168038526407,80.26625158273553
2045,,62.03,62.09,62.41,62.35,62.46,,77.378,77.702,77.774,77.774,78.602,,79.14032004445039,79.45334939067925,79.53404151298815,79.5322507664239,80.4098708833186
2046,,61.86,61.77,61.95,62.58,62.16,,77.486,77.95400000000001,78.008,77.918,78.72800000000001,,79.23915154649796,79.69334191785455,79.75459311610717,79.68562792030718,80.53139655608655
2047,,61.76,61.8,61.91,62.3,61.85,,77.468,77.864,78.026,78.008,78.69200000000001,,79.2200670474201,79.60455024472719,79.77134716325789,79.76792639770349,80.47219960200908
2048,,61.73,61.75,61.94,62.41,61.62,,77.468,77.702,78.29599999999999,77.95400000000001,78.962,,79.21945601544235,79.44385904438954,80.05184389454298,79.71655724246591,80.75634923906456
2049,,61.88,61.8,62.06,62.56,62.34,,77.54,78.044,78.134,78.224,79.03399999999999,,79.29101260761115,79.7853220087448,79.88826950093798,80.00467860090778,80.89094261969308
2050,,61.7,61.29,62.04,62.57,61.88,,77.54,78.044,78.25999999999999,78.134,79.10600000000001,,79.28693022416397,79.76503737430254,80.01876867458073,79.90984798682487,80.93914094706707
2051,,61.76,61.43,62.12,62.91,61.67,,77.52199999999999,78.134,78.242,78.188,79.05199999999999,,79.27117882112715,79.86137547805745,80.00358114956906,79.98183509975456,80.8615533352167
2052,,61.76,61.95,61.53,62.86,61.81,,77.45,77.756,78.332,78.08,79.304,,79.20310943999311,79.50246605333571,80.0694729383628,79.86480427694202,81.16314684782799
2053,,61.65,61.35,62.22,62.37,61.6,,77.504,77.99000000000001,78.206,78.512,79.358,,79.25172508902847,79.71360437433086,79.97032346095287,80.30570443890751,81.20849239959507
2054,,61.82,61.49,62.35,62.96,61.95,,77.486,78.044,78.386,78.188,79.55600000000001,,79.2383183607624,79.77301572447348,80.16794553635125,79.9840259540039,81.47514234818232
2055,,61.85,61.88,62.2,63.06,61.8,,77.45,77.9,78.458,78.314,79.46600000000001,,79.20488173493563,79.64315857868235,80.23773378639507,80.1251252125757,81.35351412719919
2056,,61.79,61.94,62.3,62.55,61.75,,77.52199999999999,77.972,78.53,78.746,79.55600000000001,,79.2718419779689,79.7177254961305,80.32146256836256,80.57638553434104,81.45647082178965
2057,,61.55,61.41,61.93,62.24,61.41,,77.55799999999999,78.026,78.602,78.962,79.77199999999999,,79.30052813955211,79.75180897378047,80.37869360459521,80.80080221587204,81.68404574507571
2058,,61.58,61.42,62.2,62.35,61.2,,77.54,78.188,78.494,78.854,79.88,,79.28418508090745,79.91585358881811,80.27670517969935,80.68542152229756,81.79379227757086
2059,,61.74,62.16,61.56,62.79,61.9,,77.504,78.062,78.764,78.746,79.934,,79.25367083297854,79.81803979488222,80.53275457515367,80.59173774212161,81.93477557186608
2060,,61.67,61.95,61.67,62.47,61.91,,77.54,78.17,78.89,78.94399999999999,80.006,,79.28624570492198,79.9208092320675,80.67934870773811,80.79658996220157,82.02631337913752
2061,,61.86,61.94,61.67,63.78,62.28,,77.468,77.882,78.71,79.07,80.222,,79.22209480544714,79.62721137102068,80.4806770723876,81.04209058096872,82.345515480085
2062,,61.68,61.2,62.25,62.64,62.52,,77.504,78.08,78.69200000000001,79.25,80.258,,79.25237488332925,79.7973404707034,80.49701702003838,81.1684229929329,82.42144222445597
2063,,61.6,61.16,62.25,62.86,61.62,,77.52199999999999,78.332,78.674,79.142,80.54599999999999,,79.26762179653412,80.05109402689493,80.47703792245284,81.05740886054946,82.68718710139848
2064,,61.69,61.54,62.08,62.65,62.39,,77.486,78.242,78.746,79.25,80.528,,79.23559539781398,79.97670145593182,80.546320506459,81.16924833083917,82.76409598082606
2065,,61.6,61.4,61.76,62.64,62.21,,77.378,77.936,78.89,79.232,80.168,,79.13287490054765,79.66194508458736,80.68556578532588,81.14693921422551,82.26720946378711
2066,,61.58,61.35,62.05,62.35,62.16,,77.45,78.242,78.926,79.25,80.636,,79.1995306706522,79.96785606541644,80.74630855006518,81.1445117267767,82.87883214368156
2067,,61.7,61.73,62.38,62.44,62.33,,77.468,78.458,78.69200000000001,79.574,80.744,,79.21884373520162,80.21245042630535,80.50508061417479,81.5431090739103,83.04891109203906
2068,,61.7,61.53,61.85,63.36,62.52,,77.432,78.29599999999999,78.962,79.61,80.69,,79.18503921281962,80.03205928735036,80.7728294939472,81.67600841618825,83.00138947908792
2069,,61.55,61.16,61.68,63.19,62.03,,77.432,78.25999999999999,79.142,79.55600000000001,80.924,,79.18213563821774,79.9773326782849,80.96495101793741,81.5916821107367,83.25323622722502
2070,,61.66,61.84,62.29,62.82,61.63,,77.36,78.116,78.746,79.574,81.338,,79.11723049024141,79.86042745280378,80.55975386385364,81.57910215386892,83.76961877879049
2071,,61.53,61.08,62.14,62.44,62.33,,77.396,78.116,78.98,79.988,81.374,,79.14830028672368,79.82830314346609,80.81417578760257,82.06193360872328,83.93565370517933
2072,,61.49,61.26,61.7,62.18,62.42,,77.342,78.134,79.10600000000001,79.88,81.176,,79.0977651573935,79.85407324592575,80.92530826411709,81.89696616221501,83.66582131722362
2073,,61.56,61.78,61.81,62.62,61.68,,77.378,78.224,79.358,79.88,81.59,,79.13216837001704,79.96916390974233,81.22654387311094,81.94366917851653,84.13836115588165
2074,,61.52,61.53,61.71,62.88,61.56,,77.36,78.368,79.214,79.916,81.68,,79.11484160502698,80.10704530406701,81.05020762045598,82.01762733736692,84.24795210159249
2075,,61.58,61.42,62.43,63.0,61.52,,77.342,78.242,79.214,80.222,81.734,,79.09925582637571,79.97111718863802,81.10845728567297,82.43172632823239,84.31946576955352
2076,,61.55,61.55,61.43,63.42,61.92,,77.30600000000001,78.17,79.142,80.024,82.02199999999999,,79.06568801661152,79.90324235359651,80.94543843664123,82.21821271328142,84.82048369029181
2077,,61.46,61.33,61.55,62.53,62.05,,77.288,78.17,79.376,80.168,81.824,,79.04787359253623,79.89353798323239,81.22523982283921,82.30471671527373,84.54776836027946
2078,,61.56,61.78,62.05,62.4,62.02,,77.288,78.278,79.34,80.456,81.734,,79.04935926237428,80.02533084463565,81.22587861727348,82.66893239035446,84.40872582927966
2079,,61.58,61.96,61.62,62.98,61.89,,77.27,78.188,79.34,80.366,82.184,,79.0332001411189,79.93992151976573,81.18916306077051,82.62202728310685,85.06073329329172
2080,,61.51,61.6,61.46,63.08,61.8,,77.252,78.008,79.55600000000001,80.456,82.274,,79.01583068408445,79.74116182689474,81.42945888723679,82.75675702893787,85.18066087317862
2081,,61.5,61.51,61.68,62.79,61.9,,77.234,78.08,79.55600000000001,80.528,82.256,,78.99936505933482,79.8100902086068,81.44994400442572,82.81679117005388,85.1731026309818
2082,,61.44,61.38,61.82,61.94,62.17,,77.252,78.332,79.322,80.744,82.49000000000001,,79.01486792239822,80.06202943744131,81.18508646739753,82.99454407790815,85.59334846744432
2083,,61.48,61.3,61.69,63.08,62.08,,77.27,78.29599999999999,79.646,80.69,82.922,,79.03177569577494,80.02092468848488,81.55912689396101,83.07903029871119,86.26588711537087
2084,,61.38,60.98,61.37,62.83,61.83,,77.252,78.17,79.736,80.834,82.814,,79.01403637086295,79.87803692372776,81.63646061386484,83.24456395598696,86.03456722765019
2085,,61.39,60.77,61.64,62.92,62.24,,77.252,78.242,79.736,80.798,82.868,,79.01417536837758,79.94073232222306,81.66337880797337,83.20713779983407,86.21470461779326
2086,,61.48,61.52,61.87,62.41,62.05,,77.27,78.332,79.538,81.19399999999999,83.3,,79.03177569577494,80.06897701929489,81.44601892344572,83.68992223195698,86.88253365312241
2087,,61.4,60.68,62.38,62.4,62.08,,77.234,78.242,79.52,81.086,83.174,,78.99804340327958,79.93650698971639,81.47145699760719,83.53493437388937,86.67996318873753
2088,,61.39,61.03,61.83,62.16,62.18,,77.252,78.188,79.592,81.446,83.40799999999999,,79.01417536837758,79.8983614873259,81.5073027820448,84.01155613581341,87.0967020613557
2089,,61.51,61.31,62.36,62.8,62.04,,77.19800000000001,77.972,79.52,81.5,83.138,,78.96694659511536,79.69423917152731,81.46960787445661,84.1993985103,86.61073881647545
2090,,61.52,61.23,62.21,63.4,62.14,,77.19800000000001,77.99000000000001,79.646,81.248,83.66,,78.96706613228258,79.70902496502961,81.60946249326527,83.92729976325109,87.51650021839146
2091,,61.41,60.96,61.59,63.03,62.28,,77.234,78.098,79.80799999999999,81.068,83.768,,78.9981763077858,79.80528878188156,81.74623197628729,83.60640969966892,87.7407855032597
2092,,61.47,61.22,61.72,62.69,62.8,,77.234,78.044,79.826,81.338,83.75,,78.99897028661975,79.76223776012009,81.78171010897489,83.94283257351157,87.84975998332496
2093,,61.58,61.87,62.01,63.34,61.79,,77.21600000000001,77.846,79.682,81.59,83.98400000000001,,78.98407533791342,79.58899116449643,81.63408008532998,84.42859954711358,87.98365023078688
2094,,61.59,61.7,61.7,63.77,62.55,,77.30600000000001,78.224,79.80799999999999,81.554,84.18199999999999,,79.06630176530638,79.9655019085161,81.7575102920382,84.44999028371043,88.5503567673584
2095,,61.56,61.98,61.39,63.12,62.3,,77.27,77.828,80.186,81.608,83.98400000000001,,79.03291653423886,79.57466661156303,82.19452770045427,84.41679221535489,88.12537200329177
2096,,61.53,61.58,62.31,63.02,61.5,,77.252,77.702,79.664,81.554,84.488,,79.01610429872119,79.43906478378881,81.64135961137707,84.3179966382685,88.79232258576727
2097,,61.46,61.25,61.73,62.72,62.44,,77.36,77.972,79.77199999999999,82.22,84.63199999999999,,79.11380876937827,79.69198500899846,81.7163990575644,85.28248973605515,89.34109504899301
2098,,61.41,60.9,61.95,62.32,62.51,,77.432,78.25999999999999,80.042,82.202,84.542,,79.17939668405144,79.96501212766532,82.07625272508287,85.17395593112059,89.19601659873041
2099,,61.42,61.51,61.11,62.74,61.73,,77.45,78.116,80.024,82.436,84.452,,79.19631128386408,79.84652719564973,81.96066109646182,85.62839173327643,88.79613572298362
2100,,61.4,60.99,62.01,62.38,61.65,,77.486,78.188,79.952,82.45400000000001,84.65,,79.22943782374207,79.89656222310057,81.96924071807372,85.58087204542502,89.13045534435024
