Category,"Hist. Ref. Per., 1950-2014",SSP1-1.9,SSP1-2.6,SSP2-4.5,SSP3-7.0,SSP5-8.5,"Hist. Ref. Per., 1950-2014",SSP1-1.9,SSP1-2.6,SSP2-4.5,SSP3-7.0,SSP5-8.5,
1990,60.55,,,,,,24.26,,,,,,
1991,60.4,,,,,,24.29,,,,,,
1992,60.59,,,,,,23.88,,,,,,
1993,60.63,,,,,,24.01,,,,,,
1994,60.57,,,,,,24.12,,,,,,
1995,60.66,,,,,,24.25,,,,,,
1996,60.65,,,,,,24.16,,,,,,
1997,60.91,,,,,,24.32,,,,,,
1998,61.31,,,,,,24.28,,,,,,
1999,61.05,,,,,,24.37,,,,,,
2000,60.62,,,,,,24.38,,,,,,
2001,60.98,,,,,,24.5,,,,,,
2002,61.2,,,,,,24.51,,,,,,
2003,61.76,,,,,,24.4,,,,,,
2004,61.4,,,,,,24.52,,,,,,
2005,60.78,,,,,,24.53,,,,,,
2006,61.42,,,,,,24.42,,,,,,
2007,61.67,,,,,,24.43,,,,,,
2008,61.88,,,,,,24.4,,,,,,
2009,61.12,,,,,,24.5,,,,,,
2010,60.85,,,,,,24.58,,,,,,
2011,61.31,,,,,,24.63,,,,,,
2012,61.4,,,,,,24.67,,,,,,
2013,61.74,,,,,,24.62,,,,,,
2014,,61.74,61.74,61.74,61.74,61.74,,24.63,24.63,24.63,24.63,24.63,
2015,,61.92,61.69,62.33,61.69,62.05,,24.66,24.67,24.67,24.67,24.66,
2016,,61.84,62.14,61.74,61.9,61.67,,24.62,24.63,24.55,24.65,24.69,
2017,,62.02,61.99,61.98,62.11,62.13,,24.63,24.67,24.65,24.6,24.66,
2018,,62.02,62.12,61.88,61.81,62.45,,24.69,24.66,24.72,24.69,24.74,
2019,,62.01,61.54,62.1,62.18,62.35,,24.73,24.78,24.65,24.79,24.76,
2020,,61.84,61.17,61.95,61.79,62.57,,24.73,24.95,24.68,24.7,24.7,
2021,,61.95,61.56,61.88,62.25,62.25,,24.75,24.86,24.79,24.69,24.73,
2022,,62.4,62.59,62.3,62.62,62.42,,24.73,24.79,24.84,24.72,24.67,
2023,,62.28,61.83,62.19,62.84,62.51,,24.78,24.85,24.87,24.71,24.82,
2024,,62.21,61.8,62.21,62.55,62.57,,24.82,25.02,24.93,24.65,24.84,
2025,,62.26,61.97,62.54,62.22,62.72,,24.8,24.92,24.84,24.72,24.87,
2026,,62.13,61.65,62.19,62.8,62.19,,24.83,24.9,24.89,24.78,24.94,
2027,,62.16,61.96,62.39,62.64,61.99,,24.87,24.9,24.88,24.88,25.01,
2028,,62.06,61.38,62.29,62.9,61.97,,24.93,25.14,24.84,25,24.99,
2029,,62.23,62.23,62.22,62.51,62.48,,24.92,24.96,25.07,24.83,25.09,
2030,,62.32,62,62.32,63.3,62.18,,24.89,24.98,24.93,24.86,25.05,
2031,,62.26,62.25,62.13,62.65,62.62,,24.95,25.09,24.97,24.89,25.17,
2032,,62.38,62.25,62.54,62.78,62.72,,24.99,25.1,25.1,25.06,25.1,
2033,,62.23,61.73,62.61,62.9,62.38,,24.94,25.07,25.01,24.96,25.1,
2034,,62.29,62.03,62.56,62.9,62.43,,24.98,25.2,25.06,25,25.11,
2035,,62.13,62.03,62.46,62.5,62.24,,25,25.1,25.08,24.97,25.34,
2036,,62.29,62.42,62.76,62.38,62.49,,24.99,25.12,25.06,25.03,25.26,
2037,,61.86,61.4,62.48,62.06,62.11,,25.14,25.35,25.28,25.2,25.41,
2038,,61.85,61.88,62.24,62.28,61.51,,25.15,25.28,25.33,25.21,25.56,
2039,,62.2,61.95,62.76,62.65,62.5,,25.09,25.25,25.2,25.16,25.52,
2040,,62.16,62.05,62.67,62.8,62.15,,25.12,25.33,25.13,25.19,25.7,
2041,,61.93,61.75,62.33,62.65,61.73,,25.14,25.31,25.27,25.2,25.71,
2042,,61.75,61.44,61.62,62.39,62.26,,25.22,25.39,25.52,25.48,25.57,
2043,,61.85,61.75,61.89,62.12,62.54,,25.19,25.44,25.32,25.42,25.71,
2044,,61.97,62.04,62.35,62.47,62.01,,25.17,25.35,25.36,25.31,25.83,
2045,,62.03,62.09,62.41,62.35,62.46,,25.21,25.39,25.43,25.43,25.89,
2046,,61.86,61.77,61.95,62.58,62.16,,25.27,25.53,25.56,25.51,25.96,
2047,,61.76,61.8,61.91,62.3,61.85,,25.26,25.48,25.57,25.56,25.94,
2048,,61.73,61.75,61.94,62.41,61.62,,25.26,25.39,25.72,25.53,26.09,
2049,,61.88,61.8,62.06,62.56,62.34,,25.3,25.58,25.63,25.68,26.13,
2050,,61.7,61.29,62.04,62.57,61.88,,25.3,25.58,25.7,25.63,26.17,
2051,,61.76,61.43,62.12,62.91,61.67,,25.29,25.63,25.69,25.66,26.14,
2052,,61.76,61.95,61.53,62.86,61.81,,25.25,25.42,25.74,25.6,26.28,
2053,,61.65,61.35,62.22,62.37,61.6,,25.28,25.55,25.67,25.84,26.31,
2054,,61.82,61.49,62.35,62.96,61.95,,25.27,25.58,25.77,25.66,26.42,
2055,,61.85,61.88,62.2,63.06,61.8,,25.25,25.5,25.81,25.73,26.37,
2056,,61.79,61.94,62.3,62.55,61.75,,25.29,25.54,25.85,25.97,26.42,
2057,,61.55,61.41,61.93,62.24,61.41,,25.31,25.57,25.89,26.09,26.54,
2058,,61.58,61.42,62.2,62.35,61.2,,25.3,25.66,25.83,26.03,26.6,
2059,,61.74,62.16,61.56,62.79,61.9,,25.28,25.59,25.98,25.97,26.63,
2060,,61.67,61.95,61.67,62.47,61.91,,25.3,25.65,26.05,26.08,26.67,
2061,,61.86,61.94,61.67,63.78,62.28,,25.26,25.49,25.95,26.15,26.79,
2062,,61.68,61.2,62.25,62.64,62.52,,25.28,25.6,25.94,26.25,26.81,
2063,,61.6,61.16,62.25,62.86,61.62,,25.29,25.74,25.93,26.19,26.97,
2064,,61.69,61.54,62.08,62.65,62.39,,25.27,25.69,25.97,26.25,26.96,
2065,,61.6,61.4,61.76,62.64,62.21,,25.21,25.52,26.05,26.24,26.76,
2066,,61.58,61.35,62.05,62.35,62.16,,25.25,25.69,26.07,26.25,27.02,
2067,,61.7,61.73,62.38,62.44,62.33,,25.26,25.81,25.94,26.43,27.08,
2068,,61.7,61.53,61.85,63.36,62.52,,25.24,25.72,26.09,26.45,27.05,
2069,,61.55,61.16,61.68,63.19,62.03,,25.24,25.7,26.19,26.42,27.18,
2070,,61.66,61.84,62.29,62.82,61.63,,25.2,25.62,25.97,26.43,27.41,
2071,,61.53,61.08,62.14,62.44,62.33,,25.22,25.62,26.1,26.66,27.43,
2072,,61.49,61.26,61.7,62.18,62.42,,25.19,25.63,26.17,26.6,27.32,
2073,,61.56,61.78,61.81,62.62,61.68,,25.21,25.68,26.31,26.6,27.55,
2074,,61.52,61.53,61.71,62.88,61.56,,25.2,25.76,26.23,26.62,27.6,
2075,,61.58,61.42,62.43,63,61.52,,25.19,25.69,26.23,26.79,27.63,
2076,,61.55,61.55,61.43,63.42,61.92,,25.17,25.65,26.19,26.68,27.79,
2077,,61.46,61.33,61.55,62.53,62.05,,25.16,25.65,26.32,26.76,27.68,
2078,,61.56,61.78,62.05,62.4,62.02,,25.16,25.71,26.3,26.92,27.63,
2079,,61.58,61.96,61.62,62.98,61.89,,25.15,25.66,26.3,26.87,27.88,
2080,,61.51,61.6,61.46,63.08,61.8,,25.14,25.56,26.42,26.92,27.93,
2081,,61.5,61.51,61.68,62.79,61.9,,25.13,25.6,26.42,26.96,27.92,
2082,,61.44,61.38,61.82,61.94,62.17,,25.14,25.74,26.29,27.08,28.05,
2083,,61.48,61.3,61.69,63.08,62.08,,25.15,25.72,26.47,27.05,28.29,
2084,,61.38,60.98,61.37,62.83,61.83,,25.14,25.65,26.52,27.13,28.23,
2085,,61.39,60.77,61.64,62.92,62.24,,25.14,25.69,26.52,27.11,28.26,
2086,,61.48,61.52,61.87,62.41,62.05,,25.15,25.74,26.41,27.33,28.5,
2087,,61.4,60.68,62.38,62.4,62.08,,25.13,25.69,26.4,27.27,28.43,
2088,,61.39,61.03,61.83,62.16,62.18,,25.14,25.66,26.44,27.47,28.56,
2089,,61.51,61.31,62.36,62.8,62.04,,25.11,25.54,26.4,27.5,28.41,
2090,,61.52,61.23,62.21,63.4,62.14,,25.11,25.55,26.47,27.36,28.7,
2091,,61.41,60.96,61.59,63.03,62.28,,25.13,25.61,26.56,27.26,28.76,
2092,,61.47,61.22,61.72,62.69,62.8,,25.13,25.58,26.57,27.41,28.75,
2093,,61.58,61.87,62.01,63.34,61.79,,25.12,25.47,26.49,27.55,28.88,
2094,,61.59,61.7,61.7,63.77,62.55,,25.17,25.68,26.56,27.53,28.99,
2095,,61.56,61.98,61.39,63.12,62.3,,25.15,25.46,26.77,27.56,28.88,
2096,,61.53,61.58,62.31,63.02,61.5,,25.14,25.39,26.48,27.53,29.16,
2097,,61.46,61.25,61.73,62.72,62.44,,25.2,25.54,26.54,27.9,29.24,
2098,,61.41,60.9,61.95,62.32,62.51,,25.24,25.7,26.69,27.89,29.19,
2099,,61.42,61.51,61.11,62.74,61.73,,25.25,25.62,26.68,28.02,29.14,
2100,,61.4,60.99,62.01,62.38,61.65,,25.27,25.66,26.64,28.03,29.25,