Category,"Hist. Ref. Per., 1950-2014",Historical 10-90th Percentile Range (low),Historical 10-90th Percentile Range (high),SSP1-1.9,SSP1-1.9 10-90th Percentile Range (low),SSP1-1.9 10-90th Percentile Range (high),SSP1-2.6,SSP1-2.6 10-90th Percentile Range (low),SSP1-2.6 10-90th Percentile Range (high),SSP2-4.5,SSP2-4.5 10-90th Percentile Range (low),SSP2-4.5 10-90th Percentile Range (high),SSP3-7.0,SSP3-7.0 10-90th Percentile Range (low),SSP3-7.0 10-90th Percentile Range (high),SSP5-8.5,SSP5-8.5 10-90th Percentile Range (low),SSP5-8.5 10-90th Percentile Range (high)
1991,77.80387442417491,77.29110829802417,78.48520694769319,,,,,,,,,,,,,,,
1992,77.31821535513296,77.00243672765654,77.7577421905191,,,,,,,,,,,,,,,
1993,77.46152363882632,77.10893722682727,77.95550720128436,,,,,,,,,,,,,,,
1994,77.59198156120195,77.16070088634058,78.04729357935449,,,,,,,,,,,,,,,
1995,77.74621344257514,77.16447423597126,78.28715354343964,,,,,,,,,,,,,,,
1996,77.63668466767646,77.32089012021498,78.13597250763992,,,,,,,,,,,,,,,
1997,77.82655412974728,77.36845786510679,78.36229607123543,,,,,,,,,,,,,,,
1998,77.76273993979643,77.42766415102773,78.40180240482302,,,,,,,,,,,,,,,
1999,77.88716128680902,77.23341617097753,78.56028998512667,,,,,,,,,,,,,,,
2000,77.91158088147407,77.410518168267,78.39947146058742,,,,,,,,,,,,,,,
2001,78.06168908267783,77.58619553170405,78.7307488505979,,,,,,,,,,,,,,,
2002,78.07076991589838,77.45066172248401,78.68006023411601,,,,,,,,,,,,,,,
2003,77.9072740525465,77.47497117355309,78.4268610384469,,,,,,,,,,,,,,,
2004,78.08040018421366,77.52195037062421,78.73018668954566,,,,,,,,,,,,,,,
2005,78.10619912136637,77.51132822623995,78.83208424902264,,,,,,,,,,,,,,,
2006,77.94350234859206,77.33483006926613,78.78170636774212,,,,,,,,,,,,,,,
2007,77.95049063048835,77.31736291895095,78.64189133143617,,,,,,,,,,,,,,,
2008,77.90386891611244,77.2909123190017,78.51086095555706,,,,,,,,,,,,,,,
2009,78.05878526945912,77.47539434349233,78.71310470624036,,,,,,,,,,,,,,,
2010,78.17330689376752,77.54535090851353,78.9860220653714,,,,,,,,,,,,,,,
2011,78.23630267752029,77.59785839892342,79.00703371678247,,,,,,,,,,,,,,,
2012,78.29238961495851,77.63530621549047,79.04519567131948,,,,,,,,,,,,,,,
2013,78.21539177952792,77.56523402240519,78.9219357267744,,,,,,,,,,,,,,,
2014,78.22982937414125,77.62853991221729,78.95620066049395,78.22982937414125,77.62853991221729,78.95620066049395,78.22982937414125,77.62853991221729,78.95620066049395,78.22982937414125,77.62853991221729,78.95620066049395,78.22982937414125,77.62853991221729,78.95620066049395,78.22982937414125,77.62853991221729,78.95620066049395
2015,,,,78.27082621413872,77.4978946924115,79.1452731586115,78.28864513519638,77.45207030810906,79.29888221988327,78.27962318283517,77.55827936732734,79.1272134945732,78.28864513519638,77.49874419482728,79.28964821483544,78.26892932774047,77.43184573959681,79.01928741397604
2016,,,,78.21376155146886,77.47137478955447,79.0882498330724,78.22337161509856,77.502257110624,79.1815702104525,78.11544336718946,77.50301380334672,79.05302304981672,78.25646844939843,77.36636112435997,79.0728728654347,78.31814585548517,77.48922864600385,79.21390112461857
2017,,,,78.22535307635884,77.51108016052626,79.2205100504099,78.28454604098539,77.54428141776611,79.31541304344148,78.25526583392323,77.53611784403193,79.09443309815751,78.18006228007076,77.36099867654596,79.44612612053112,78.26774044422501,77.6017946047646,79.1834879659373
2018,,,,78.31374868509711,77.5737087604095,79.18221317478185,78.2678899533648,77.55147445662244,79.14561686262704,78.36004682874984,77.54925114696277,79.1872232393719,78.31642386164755,77.64031170548714,79.28513906600102,78.38390639884992,77.5045766221572,79.30565511106639
2019,,,,78.3735863323199,77.54963747212713,79.40126868569212,78.45257985582548,77.69541801627238,79.37556009177102,78.25343086103103,77.40609661861788,79.31096126506688,78.46306607941428,77.51623713574918,79.86644839755468,78.41557680962097,77.5555139605139,79.30972697876796
2020,,,,78.37537540814554,77.52782031126554,79.4572227717705,78.71119107055372,77.81679317401394,79.79401856499817,78.29985929605762,77.39683168403812,79.59384234091056,78.33141694786124,77.53706230221266,79.33392459418484,78.32140207162507,77.3370663524514,79.41684090805151
2021,,,,78.4042520084402,77.54887931041358,79.37517888821208,78.57334596032635,77.72596385010331,79.5763200771637,78.46528232266266,77.70709526382711,79.52995322528653,78.31069180190377,77.37002757179252,79.39483435821232,78.37094104770026,77.37949993102295,79.30502046573267
2022,,,,78.36921668246501,77.57950947029445,79.34222285613941,78.45970083349667,77.48030851099742,79.46402460267294,78.53968349266097,77.70862622351191,79.55725000365514,78.35125493419005,77.50380405744907,79.39002486835088,78.2782707702996,77.59292216756509,79.3238809988732
2023,,,,78.44690062581304,77.56764153421028,79.57809640904652,78.55721980093841,77.68503501323582,79.71013708721891,78.5870650058045,77.63966533809284,79.71858824773702,78.33296229369202,77.37441033030754,79.54602521910577,78.50716733675831,77.57591210828387,79.79341077897595
2024,,,,78.50909520614755,77.61785748464,79.64228962232227,78.82432784901698,77.91549860684312,79.97084897168065,78.68181183300662,77.78551182088464,79.90812399257904,78.24621786923922,77.21938852071462,79.49706043994323,78.53821476806306,77.60293978010446,79.7488793374306
2025,,,,78.47784914804313,77.5555139605139,79.7206893226896,78.665929861864,77.70769961014734,79.96732303747218,78.53838592473335,77.57441433148165,79.81333328527256,78.35617385671449,77.25347828582267,79.77925403295936,78.5850802005263,77.70118608677078,79.90637925050035
2026,,,,78.5250302558145,77.65797265062398,79.75494526187805,78.63473031600657,77.74437540361197,79.79776454253258,78.61848509048907,77.5150566062697,80.0401032930739,78.44214623849328,77.65372160666065,80.04729946216077,78.69773703267711,77.72903202323556,79.85164949246416
2027,,,,78.58715926476006,77.72547998005257,79.79341077897595,78.63453227255901,77.76271457804636,79.84690451854559,78.6021926185423,77.59928436835705,80.14851544889396,78.60136962309605,77.69301217478142,79.95920275459154,78.80934757278843,77.92576811859118,80.02403484559359
2028,,,,78.6817515905348,77.72911838485987,80.00826590426917,79.01403637086295,77.91528107144413,80.18650814785573,78.53973479234945,77.7888908190422,79.79077375347077,78.79677988060031,77.63838211090737,80.8111215813442,78.7771142188148,77.62533683543899,80.28807990204268
2029,,,,78.6659027458287,77.79623871738156,79.91660384229672,78.72979813021641,77.95732761588229,79.86318773561077,78.90873669692814,77.94535923081716,80.41225592129163,78.52284106234069,77.59748152027385,80.28284459657863,78.94423058627896,77.79255904952802,80.13875781752058
2030,,,,78.61820434629851,77.71047466757526,79.82035658659164,78.76121858745918,77.85082520910905,80.0232286367143,78.68182690708859,77.67351590727418,80.08444242883726,78.5659145796373,77.56534187293475,79.97328984263052,78.87554705496156,77.80041476894594,80.22027268754809
2031,,,,78.71380428690503,77.70862622351191,80.02645187994247,78.94208292124216,77.71822473143021,80.30644504592169,78.74560916135614,77.78386137158441,80.1736759315684,78.61733123577889,77.56511867785697,80.30805502605858,79.08124423835031,77.85451858989472,80.6013256520447
2032,,,,78.7786743801086,77.78168247914604,80.07765189550628,78.9586905083342,77.77974281997305,80.3210637951633,78.96155565242462,77.88786462208998,80.44424297720653,78.89636737312044,77.80178058463224,80.55874576168847,78.9632620688333,77.76313084957344,80.41037724663995
2033,,,,78.69777018939115,77.81020218626209,79.92324601312954,78.90440529078872,78.00530331525955,80.27301240688959,78.81228471111581,77.8083062123831,80.05208496605349,78.73066187357895,77.76201934163794,80.24517816476371,78.95999257283252,77.76591224952874,80.57200652015041
2034,,,,78.76217006077232,77.78722891926023,80.18657216002131,79.12340201201661,77.85476219077958,80.5674296485091,78.89482313749326,77.93907722547289,80.5942589229408,78.79677988060031,77.63302791318026,80.62745776003936,78.9772402317644,77.86116664829574,80.75616442895091
2035,,,,78.79389761829422,77.8402848939046,80.30556291428594,78.95642152917266,78.09700004380585,80.76026636025216,78.9273556068575,78.01123509035446,80.54054477960855,78.74648499951923,77.47497117355309,80.97219859506242,79.36906865811184,78.02100198302884,81.07374393713064
2036,,,,78.77835951264191,77.83492400842007,80.18611352262006,78.9939248085645,78.04605991326437,80.52488810917085,78.89623054708878,77.93617592590229,80.26215735200904,78.84404519332688,77.65865639230532,81.01933763829757,79.23455074985213,77.89690202076775,81.04758540206689
2037,,,,79.02052524851788,77.98589041515572,80.4144178333413,79.36514763475255,78.06940766661137,80.87126646419154,79.26925527499588,78.19110400018589,80.74845251562465,79.12389337797438,77.97135822918541,81.1859867314873,79.48939660521955,78.06108495919398,81.37900344566364
2038,,,,79.03696608689751,78.00755503647292,80.51035524483561,79.256675846852,78.16385947881531,80.90794545872369,79.35150384290728,78.08876616044057,80.80218091292458,79.14452239144295,78.03518312789025,81.56332550961147,79.7376922255803,78.08683812617673,81.68869544923164
2039,,,,78.9416039935922,78.01769885956082,80.49676924791436,79.2068375892001,78.18310779290991,81.13568427815935,79.13497415411359,78.06397581403712,80.74589909067113,79.06452633972134,77.94322268024592,81.55546680463557,79.70130504218824,78.31825292382597,81.53270903705678
2040,,,,78.99100145040492,77.93387101501301,80.44882061260114,79.3469393105508,78.06312122445863,80.91299233018262,79.01360851020635,77.98857634236074,81.02670676979028,79.11824465617084,77.93276271239031,81.31866947670494,80.0239194805226,78.10024941467239,81.73640756810785
2041,,,,79.02144031260536,77.94662617598024,80.44497504477064,79.30521926050329,78.05227820684517,80.87587654615407,79.24877760101842,78.33995880684586,80.77190637757205,79.13328171410095,77.56275576339478,81.64380423423768,80.02294960910072,78.2792405910623,81.987004135021
2042,,,,79.15229564704599,78.06233825169157,80.5886798039831,79.43509199713986,78.220188431422,81.17066420534296,79.6699020840228,78.35842691611012,81.31767603308967,79.62413822815375,77.89400223903986,81.74025203583096,79.78490779072628,78.3821278013957,81.8926753078004
2043,,,,79.10365375548814,78.09505539998375,80.57751160841799,79.53180302253371,78.34410052048057,81.39318508223063,79.3257464792901,78.23651423967645,81.03396377588948,79.50749835364365,78.05631553882594,81.77665972590401,80.06136942109578,78.47598882849145,82.24984970874323
2044,,,,79.07200761217506,78.11900618481144,80.38573742570878,79.38162585456669,78.17395427803463,80.92064806816805,79.40714121533128,78.29894335864442,81.28542086476702,79.32168038526407,78.2201302937803,81.27438080211977,80.26625158273553,78.65141635200496,82.08603752592393
2045,,,,79.14032004445039,78.13405268746395,80.48606995548164,79.45334939067925,78.21802588500827,81.37902398277751,79.53404151298815,78.2857055817343,81.12690248940368,79.5322507664239,78.21398325682816,81.54484536317645,80.4098708833186,78.78237026195555,82.41363033348303
2046,,,,79.23915154649796,78.15906453635068,80.72728942435594,79.69334191785455,78.44888322312593,81.51086452603383,79.75459311610717,78.1642011349957,82.0338362572225,79.68562792030718,78.22607989099629,81.7850040653765,80.53139655608655,78.76837160416619,82.92509620946905
2047,,,,79.2200670474201,78.159812186704,80.69920041616129,79.60455024472719,78.48926380099607,81.25951918427855,79.77134716325789,78.39394905005074,81.69954371846194,79.76792639770349,78.29316277402336,82.34317792150961,80.47219960200908,78.48943174540014,83.21760193090172
2048,,,,79.21945601544235,78.18566237438341,80.63581717677783,79.44385904438954,78.2779208731423,81.21070163461886,80.05184389454298,78.54437467157092,82.22312182551255,79.71655724246591,78.275962420181,81.92939969233072,80.75634923906456,78.7836254077994,83.10928272746284
2049,,,,79.29101260761115,78.27365621011836,80.81934869200995,79.7853220087448,78.58541089086388,81.6813930580362,79.88826950093798,78.61562265600597,82.27296729559839,80.00467860090778,78.34141270551247,82.75958302325563,80.89094261969308,79.08393683088805,83.27180677059688
2050,,,,79.28693022416397,78.28982624213371,80.77793678189471,79.76503737430254,78.54163591434478,81.61611739856411,80.01876867458073,78.57228681668418,82.47355338031215,79.90984798682487,78.39565792037655,82.66098688977436,80.93914094706707,79.27990910228121,83.26574393971964
2051,,,,79.27117882112715,78.27516223883404,80.76419548775846,79.86137547805745,78.50279762932229,81.79572857293053,80.00358114956906,78.769336937344,82.32083486679659,79.98183509975456,78.28527932182479,82.53641407864174,80.8615533352167,79.19306858665291,83.86939870709732
2052,,,,79.20310943999311,78.20917590286032,80.73726144431805,79.50246605333571,78.3543402513644,81.78276164490775,80.0694729383628,78.67093029869551,81.9821152540157,79.86480427694202,78.2638367437965,82.89057892719006,81.16314684782799,79.21456621902445,84.21169808097896
2053,,,,79.25172508902847,78.27666029154446,80.68704714348297,79.71360437433086,78.40986996005643,81.45419328128375,79.97032346095287,78.71302008619614,82.28852660871904,80.30570443890751,78.6851433241632,83.19156816215306,81.20849239959507,79.16965542893288,83.98889719025931
2054,,,,79.2383183607624,78.22307041693307,80.67129085922848,79.77301572447348,78.51631728450988,81.67873697880773,80.16794553635125,78.6154188203384,82.49419020834452,79.9840259540039,78.2612946737753,82.71864468517757,81.47514234818232,79.31385580382252,84.32755601135213
2055,,,,79.20488173493563,78.2857055817343,80.80638485456751,79.64315857868235,78.46243499537502,81.79884375340353,80.23773378639507,78.92863282289449,82.60267093792862,80.1251252125757,78.61690152605647,83.61342918880163,81.35351412719919,79.21568077587966,84.86200728875097
2056,,,,79.2718419779689,78.31311070769765,80.64418592526499,79.7177254961305,78.47598882849145,81.7680371959851,80.32146256836256,78.79048037915706,82.77486380911068,80.57638553434104,78.93609064817619,82.95940107256935,81.45647082178965,79.3971254380223,84.31162869376539
2057,,,,79.30052813955211,78.34168467181827,80.6197218862292,79.75180897378047,78.6818705036175,81.67749649146224,80.37869360459521,78.61217752689879,82.76196989843336,80.80080221587204,79.03824192395625,83.30878250369386,81.68404574507571,79.613774312225,84.4558942287151
2058,,,,79.28418508090745,78.31353763111298,80.71374073368216,79.91585358881811,78.39378610201925,81.95133031595722,80.27670517969935,78.84151412117046,82.88915105334192,80.68542152229756,78.93624767783098,83.76010000991624,81.79379227757086,79.77537988615856,84.87039235106121
2059,,,,79.25367083297854,78.30041312908818,80.75992544928619,79.81803979488222,78.39456197046478,82.15569033467952,80.53275457515367,79.09326690561394,83.22169019857255,80.59173774212161,78.67307704092559,83.73246079081545,81.93477557186608,79.90937130159995,85.42193443507509
2060,,,,79.28624570492198,78.39426328460011,80.58985601715946,79.9208092320675,78.55776884828222,81.82272352470133,80.67934870773811,79.23402096796468,82.77960623772807,80.79658996220157,79.2245416474825,83.65804334592592,82.02631337913752,79.90575035143553,85.3173467038405
2061,,,,79.22209480544714,78.31222934289966,80.5336149279829,79.62721137102068,78.46233635289309,81.77669254082613,80.4806770723876,78.91331145983798,82.6446855656506,81.04209058096872,78.98074999676116,84.21308722252911,82.345515480085,80.24266914537137,85.26636288732098
2062,,,,79.25237488332925,78.31325403468698,80.66018179356325,79.7973404707034,78.62594762220868,81.87717172856117,80.49701702003838,78.85758996715599,83.59158377318914,81.1684229929329,79.04374902760782,84.55088767488934,82.42144222445597,80.06293939139638,85.6866121364456
2063,,,,79.26762179653412,78.30157893448549,80.66146110283643,80.05109402689493,78.4359766554708,82.46925670872469,80.47703792245284,79.12531556531331,83.16538077100589,81.05740886054946,78.97577765190773,84.51234785977388,82.68718710139848,80.2102767468166,85.80330435063327
2064,,,,79.23559539781398,78.31422878645873,80.65954213866806,79.97670145593182,78.46243179706823,82.30065993608471,80.546320506459,79.1050164790363,83.1039920982131,81.16924833083917,79.04509784427793,84.68446455359063,82.76409598082606,80.43370450123498,87.06420037427881
2065,,,,79.13287490054765,78.22286739252064,80.5170368228371,79.66194508458736,78.42286013145238,81.86864333033176,80.68556578532588,79.11913657133962,83.49166306476712,81.14693921422551,78.71200100630341,84.82795492999983,82.26720946378711,79.9929088497426,86.19698058626167
2066,,,,79.1995306706522,78.30018722258757,80.59866807940922,79.96785606541644,78.54415137459458,82.31203004203005,80.74630855006518,79.38234056700892,83.22530020000546,81.1445117267767,78.89326457982466,85.20731454658392,82.87883214368156,80.43692809234916,87.5960847923045
2067,,,,79.21884373520162,78.31260103716224,80.6054803640433,80.21245042630535,78.68178995732339,82.25992884234184,80.50508061417479,79.13382330524472,83.78150202489775,81.5431090739103,79.28404988998054,85.44063513872999,83.04891109203906,80.56924096907511,87.94348424070688
2068,,,,79.18503921281962,78.28742523533384,80.45095535526119,80.03205928735036,78.52852010672277,81.89336784083947,80.7728294939472,79.06193810378335,83.98017240202417,81.67600841618825,79.7698269453065,84.7602182939342,83.00138947908792,80.19948584974256,87.65104672136795
2069,,,,79.18213563821774,78.28686469608624,80.53201137894223,79.9773326782849,78.44906711123997,82.247396972769,80.96495101793741,79.18700879845954,83.73251677757784,81.5916821107367,79.48842775870679,85.62729648214665,83.25323622722502,80.82415645180225,88.34374960340608
2070,,,,79.11723049024141,78.29957350730494,80.4648087532824,79.86042745280378,78.40947292859043,82.6972035108936,80.55975386385364,79.24999571679487,83.46820022599815,81.57910215386892,79.61668791823047,85.35119568491979,83.76961877879049,81.32855313076277,87.81292114886824
2071,,,,79.14830028672368,78.23486173659673,80.4908423410971,79.82830314346609,78.20436693629821,82.26872328193906,80.81417578760257,79.24354411199342,84.02550852942102,82.06193360872328,79.60645735964574,85.72778098120875,83.93565370517933,80.92238238670853,89.52107269767274
2072,,,,79.0977651573935,78.23395568361505,80.31689816833827,79.85407324592575,78.35735256961465,81.79474958113985,80.92530826411709,79.38234056700892,83.43602898550523,81.89696616221501,79.6213763230777,85.76469036994897,83.66582131722362,80.5129203935291,88.95630101576165
2073,,,,79.13216837001704,78.30033808369284,80.37498899976137,79.96916390974233,78.61201019741364,82.4489668959926,81.22654387311094,79.5148581305314,83.48016366647379,81.94366917851653,79.67693150910092,86.011710756237,84.13836115588165,81.02570464604003,89.17547731095378
2074,,,,79.11484160502698,78.28835666256285,80.36216092130884,80.10704530406701,78.43564044713324,82.40616782951855,81.05020762045598,79.46927379242501,83.81687793858364,82.01762733736692,80.08281294851488,86.40190813989929,84.24795210159249,81.27366982128135,89.15446873516055
2075,,,,79.09925582637571,78.24754550272638,80.32222240543638,79.97111718863802,78.46224657801787,82.4514273133033,81.10845728567297,79.31086228989327,83.66227575312823,82.43172632823239,79.86760901900084,86.44106709749066,84.31946576955352,81.35919655588425,89.73853468554898
2076,,,,79.06568801661152,78.24647865584244,80.29388130169357,79.90324235359651,78.44909050290477,82.21434910138474,80.94543843664123,79.42038679471534,84.12155875513858,82.21821271328142,79.85400087577577,86.33335036134451,84.82048369029181,81.51716657827544,90.47934630308507
2077,,,,79.04787359253623,78.24764090074922,80.30943898212038,79.89353798323239,78.51537461850708,82.09361919815575,81.22523982283921,79.54193691435128,84.29766337732441,82.30471671527373,79.61495834489969,87.71351809653538,84.54776836027946,81.58737693574568,90.15663427897712
2078,,,,79.04935926237428,78.23333964890516,80.27201012510972,80.02533084463565,78.55838736532179,82.4057083820129,81.22587861727348,79.55788092936615,84.10135039701167,82.66893239035446,79.68076791491416,87.53845338900166,84.40872582927966,81.30507859806002,90.64611337409104
2079,,,,79.0332001411189,78.26021164544535,80.27616572342475,79.93992151976573,78.67962500821602,82.6397638233737,81.18916306077051,79.31930902101394,83.89207744416923,82.62202728310685,80.14938139271058,87.96854532317992,85.06073329329172,81.94211725597962,91.11051959251085
2080,,,,79.01583068408445,78.24657696530404,80.21537488164978,79.74116182689474,78.47598010835172,82.06774247279097,81.42945888723679,79.53735239545654,84.35437584012766,82.75675702893787,80.51657333244566,87.54371844965367,85.18066087317862,81.53051289562244,92.08060590082529
2081,,,,78.99936505933482,78.27382771821618,80.28651254027005,79.8100902086068,78.54171982985399,82.54146849218381,81.44994400442572,79.78079205184301,84.4172868256806,82.81679117005388,80.5140187610669,87.90636050387344,85.1731026309818,81.94422141383953,92.83929263644407
2082,,,,79.01486792239822,78.20829809619333,80.2875656191327,80.06202943744131,78.39682130178848,82.74469989372506,81.18508646739753,79.6069063670096,84.53979068322417,82.99454407790815,80.38429150008993,88.437188834398,85.59334846744432,81.83182089051303,92.5557054379151
2083,,,,79.03177569577494,78.24677279019856,80.21237744312154,80.02092468848488,78.52913050238398,82.58947199371265,81.55912689396101,79.85203721506855,84.69078027384259,83.07903029871119,80.46892067247013,88.08432454591872,86.26588711537087,82.14273464221205,92.34454475234429
2084,,,,79.01403637086295,78.19624162740067,80.26889194931722,79.87803692372776,78.37172522615134,82.72389783017334,81.63646061386484,79.45268848310214,84.8278692149705,83.24456395598696,80.64996771377798,89.11129544359886,86.03456722765019,81.77221131143497,93.52941419168847
2085,,,,79.01417536837758,78.27441978377297,80.23053486481251,79.94073232222306,78.73842515329935,82.31716308197207,81.66337880797337,79.51522735855154,85.36470352512589,83.20713779983407,80.80642005278105,89.38391525442927,86.21470461779326,82.50457988189632,93.22624844925667
2086,,,,79.03177569577494,78.22194048547173,80.19075602767737,80.06897701929489,78.50190279689485,82.42355030788517,81.44601892344572,79.38928479723806,85.26636288732098,83.68992223195698,81.06323986384629,88.44794054631592,86.88253365312241,82.43185379589607,93.93723398999408
2087,,,,78.99804340327958,78.18274914477988,80.22850873614914,79.93650698971639,78.35945703023675,83.04945261490843,81.47145699760719,79.44511834755707,84.83424868319325,83.53493437388937,80.74979117614966,88.33400951903482,86.67996318873753,82.11323300400828,94.33073045449987
2088,,,,79.01417536837758,78.208519171505,80.18285885533993,79.8983614873259,78.41001416046669,82.09318247614004,81.5073027820448,79.52089279832508,85.40181201677017,84.01155613581341,80.78666886485868,89.4536017435436,87.0967020613557,82.680498648635,95.22165575751231
2089,,,,78.96694659511536,78.234961075885,80.16775418481583,79.69423917152731,78.48771048191031,82.16903976278712,81.46960787445661,79.61710058077789,85.09478238694791,84.1993985103,81.03854871145766,90.30836849797366,86.61073881647545,82.88258646640324,94.63748614947676
2090,,,,78.96706613228258,78.19485857179768,80.1863152213562,79.70902496502961,78.28119175441931,82.4432665273738,81.60946249326527,79.87389598926407,85.12353494438831,83.92729976325109,80.69932571915388,89.67960136644876,87.51650021839146,82.76269521829931,94.88544962082906
2091,,,,78.9981763077858,78.22141613505565,80.22496150711785,79.80528878188156,78.44911813099534,82.26310650054606,81.74623197628729,79.78802343823011,85.5274114472628,83.60640969966892,80.71477375685927,90.24304816482271,87.7407855032597,83.15119866787381,95.77040156011374
2092,,,,78.99897028661975,78.26039477716392,80.22090518738813,79.76223776012009,78.57058281021007,82.33368209822748,81.78171010897489,79.88429953395183,85.21145473368338,83.94283257351157,81.16879284391995,90.0668600901817,87.84975998332496,82.89786603537806,95.99927658993298
2093,,,,78.98407533791342,78.233751405324,80.29335517753225,79.58899116449643,78.47590090397513,82.51127242136127,81.63408008532998,79.63961800719407,85.63048154006292,84.42859954711358,81.08113448532774,90.86862276075084,87.98365023078688,83.2289653288082,97.00316530339856
2094,,,,79.06630176530638,78.25974921890452,80.30304051495924,79.9655019085161,78.48825749165846,82.32431505417216,81.7575102920382,79.92484579043825,84.94329740298737,84.44999028371043,81.30848003941824,92.29919089345077,88.5503567673584,83.42605016161146,97.87627089884813
2095,,,,79.03291653423886,78.23395568361505,80.35724889687418,79.57466661156303,78.29410180798808,82.5202985638378,82.19452770045427,79.81462321989018,85.10413314912725,84.41679221535489,81.17533567103115,92.3255553002494,88.12537200329177,83.51364165928858,98.66491446133574
2096,,,,79.01610429872119,78.22141613505565,80.39829636950553,79.43906478378881,78.08919949563003,82.46725251957261,81.64135961137707,79.68817128318031,85.5702863355605,84.3179966382685,81.3751104649748,91.78919580446434,88.79232258576727,83.7147672463083,98.8849120952626
2097,,,,79.11380876937827,78.24848757252323,80.4126555715183,79.69198500899846,78.22144882751306,82.46093851701173,81.7163990575644,79.67829816696943,84.88092767240026,85.28248973605515,81.45981971837625,92.12057855349912,89.34109504899301,83.61787451036619,99.88524561144058
2098,,,,79.17939668405144,78.36731567098246,80.38542806420656,79.96501212766532,78.67668097535841,82.18197412767515,82.07625272508287,79.85739032534906,85.13192246895719,85.17395593112059,81.70333599545204,91.79519570422153,89.19601659873041,84.03893109594657,98.23956423885473
2099,,,,79.19631128386408,78.30048791771193,80.51403195502222,79.84652719564973,78.35745441760064,82.52974908382404,81.96066109646182,79.7662520061867,85.35471776705558,85.62839173327643,81.37736195367833,92.18902242096529,88.79613572298362,83.87003068590508,99.52088289706298
2100,,,,79.22943782374207,78.34044111192651,80.5335574119794,79.89656222310057,78.2092493723418,82.1151745598347,81.96924071807372,80.10826135415994,85.32546049777143,85.58087204542502,81.86296439797117,92.0300626722469,89.13045534435024,83.91661187947449,100.6880213011362
