code,name,2015-07_p10,2015-07_median,2015-07_p90,2016-07_p10,2016-07_median,2016-07_p90,2017-07_p10,2017-07_median,2017-07_p90,2018-07_p10,2018-07_median,2018-07_p90,2019-07_p10,2019-07_median,2019-07_p90,2020-07_p10,2020-07_median,2020-07_p90,2021-07_p10,2021-07_median,2021-07_p90,2022-07_p10,2022-07_median,2022-07_p90,2023-07_p10,2023-07_median,2023-07_p90,2024-07_p10,2024-07_median,2024-07_p90,2025-07_p10,2025-07_median,2025-07_p90,2026-07_p10,2026-07_median,2026-07_p90,2027-07_p10,2027-07_median,2027-07_p90,2028-07_p10,2028-07_median,2028-07_p90,2029-07_p10,2029-07_median,2029-07_p90,2030-07_p10,2030-07_median,2030-07_p90,2031-07_p10,2031-07_median,2031-07_p90,2032-07_p10,2032-07_median,2032-07_p90,2033-07_p10,2033-07_median,2033-07_p90,2034-07_p10,2034-07_median,2034-07_p90,2035-07_p10,2035-07_median,2035-07_p90,2036-07_p10,2036-07_median,2036-07_p90,2037-07_p10,2037-07_median,2037-07_p90,2038-07_p10,2038-07_median,2038-07_p90,2039-07_p10,2039-07_median,2039-07_p90,2040-07_p10,2040-07_median,2040-07_p90,2041-07_p10,2041-07_median,2041-07_p90,2042-07_p10,2042-07_median,2042-07_p90,2043-07_p10,2043-07_median,2043-07_p90,2044-07_p10,2044-07_median,2044-07_p90,2045-07_p10,2045-07_median,2045-07_p90,2046-07_p10,2046-07_median,2046-07_p90,2047-07_p10,2047-07_median,2047-07_p90,2048-07_p10,2048-07_median,2048-07_p90,2049-07_p10,2049-07_median,2049-07_p90,2050-07_p10,2050-07_median,2050-07_p90,2051-07_p10,2051-07_median,2051-07_p90,2052-07_p10,2052-07_median,2052-07_p90,2053-07_p10,2053-07_median,2053-07_p90,2054-07_p10,2054-07_median,2054-07_p90,2055-07_p10,2055-07_median,2055-07_p90,2056-07_p10,2056-07_median,2056-07_p90,2057-07_p10,2057-07_median,2057-07_p90,2058-07_p10,2058-07_median,2058-07_p90,2059-07_p10,2059-07_median,2059-07_p90,2060-07_p10,2060-07_median,2060-07_p90,2061-07_p10,2061-07_median,2061-07_p90,2062-07_p10,2062-07_median,2062-07_p90,2063-07_p10,2063-07_median,2063-07_p90,2064-07_p10,2064-07_median,2064-07_p90,2065-07_p10,2065-07_median,2065-07_p90,2066-07_p10,2066-07_median,2066-07_p90,2067-07_p10,2067-07_median,2067-07_p90,2068-07_p10,2068-07_median,2068-07_p90,2069-07_p10,2069-07_median,2069-07_p90,2070-07_p10,2070-07_median,2070-07_p90,2071-07_p10,2071-07_median,2071-07_p90,2072-07_p10,2072-07_median,2072-07_p90,2073-07_p10,2073-07_median,2073-07_p90,2074-07_p10,2074-07_median,2074-07_p90,2075-07_p10,2075-07_median,2075-07_p90,2076-07_p10,2076-07_median,2076-07_p90,2077-07_p10,2077-07_median,2077-07_p90,2078-07_p10,2078-07_median,2078-07_p90,2079-07_p10,2079-07_median,2079-07_p90,2080-07_p10,2080-07_median,2080-07_p90,2081-07_p10,2081-07_median,2081-07_p90,2082-07_p10,2082-07_median,2082-07_p90,2083-07_p10,2083-07_median,2083-07_p90,2084-07_p10,2084-07_median,2084-07_p90,2085-07_p10,2085-07_median,2085-07_p90,2086-07_p10,2086-07_median,2086-07_p90,2087-07_p10,2087-07_median,2087-07_p90,2088-07_p10,2088-07_median,2088-07_p90,2089-07_p10,2089-07_median,2089-07_p90,2090-07_p10,2090-07_median,2090-07_p90,2091-07_p10,2091-07_median,2091-07_p90,2092-07_p10,2092-07_median,2092-07_p90,2093-07_p10,2093-07_median,2093-07_p90,2094-07_p10,2094-07_median,2094-07_p90,2095-07_p10,2095-07_median,2095-07_p90,2096-07_p10,2096-07_median,2096-07_p90,2097-07_p10,2097-07_median,2097-07_p90,2098-07_p10,2098-07_median,2098-07_p90,2099-07_p10,2099-07_median,2099-07_p90,2100-07_p10,2100-07_median,2100-07_p90
IND,India,24.0,24.61,25.13,24.0,24.63,25.17,24.0,24.65,25.2,24.01,24.68,25.24,24.02,24.7,25.28,24.03,24.73,25.33,24.05,24.76,25.38,24.07,24.8,25.43,24.09,24.83,25.48,24.11,24.86,25.53,24.14,24.89,25.58,24.16,24.91,25.61,24.18,24.92,25.63,24.2,24.93,25.65,24.22,24.94,25.67,24.24,24.96,25.69,24.27,24.98,25.71,24.3,25.01,25.74,24.33,25.05,25.77,24.37,25.09,25.81,24.4,25.12,25.85,24.44,25.16,25.88,24.47,25.19,25.91,24.5,25.21,25.93,24.53,25.23,25.96,24.56,25.25,25.99,24.59,25.28,26.03,24.61,25.32,26.09,24.63,25.38,26.17,24.65,25.43,26.25,24.67,25.49,26.34,24.7,25.55,26.41,24.73,25.59,26.48,24.78,25.63,26.53,24.82,25.65,26.56,24.87,25.67,26.58,24.92,25.69,26.61,24.96,25.71,26.63,24.98,25.74,26.66,25.0,25.77,26.7,25.01,25.81,26.74,25.02,25.85,26.79,25.03,25.88,26.83,25.06,25.91,26.86,25.09,25.93,26.88,25.13,25.95,26.91,25.17,25.96,26.93,25.21,25.97,26.95,25.23,25.98,26.98,25.25,25.99,27.02,25.26,26.0,27.06,25.26,26.01,27.1,25.27,26.03,27.14,25.28,26.05,27.16,25.29,26.08,27.17,25.31,26.11,27.17,25.34,26.14,27.17,25.37,26.17,27.17,25.4,26.2,27.17,25.43,26.22,27.18,25.45,26.24,27.2,25.48,26.26,27.23,25.49,26.28,27.27,25.51,26.3,27.32,25.52,26.33,27.37,25.52,26.36,27.42,25.52,26.39,27.47,25.51,26.42,27.51,25.51,26.44,27.56,25.51,26.46,27.6,25.52,26.46,27.63,25.53,26.46,27.66,25.54,26.45,27.69,25.56,26.45,27.71,25.57,26.45,27.72,25.59,26.46,27.73,25.61,26.48,27.73,25.62,26.52,27.72,25.64,26.55,27.72,25.65,26.58,27.71,25.66,26.6,27.71,25.68,26.62,27.71,25.69,26.63,27.71,25.71,26.64,27.71,25.72,26.64,27.71,25.73,26.64,27.71
IND.1151,Andaman and Nicobar Islands,26.88,27.26,27.53,26.91,27.29,27.57,26.94,27.32,27.61,26.98,27.35,27.65,27.0,27.38,27.69,27.03,27.4,27.73,27.05,27.42,27.76,27.07,27.44,27.79,27.09,27.45,27.82,27.11,27.46,27.84,27.12,27.48,27.86,27.14,27.49,27.88,27.15,27.51,27.89,27.17,27.52,27.91,27.19,27.54,27.92,27.21,27.56,27.94,27.23,27.59,27.97,27.26,27.61,28.01,27.28,27.64,28.06,27.31,27.67,28.1,27.33,27.69,28.14,27.35,27.72,28.17,27.37,27.73,28.19,27.38,27.75,28.19,27.39,27.77,28.19,27.4,27.78,28.19,27.41,27.8,28.2,27.43,27.83,28.22,27.46,27.87,28.26,27.49,27.9,28.31,27.52,27.94,28.36,27.55,27.98,28.42,27.58,28.01,28.46,27.61,28.04,28.5,27.63,28.06,28.53,27.64,28.08,28.55,27.66,28.1,28.57,27.67,28.11,28.59,27.68,28.13,28.62,27.7,28.15,28.65,27.71,28.16,28.68,27.73,28.18,28.71,27.75,28.2,28.74,27.77,28.21,28.77,27.79,28.22,28.79,27.81,28.23,28.81,27.83,28.24,28.82,27.84,28.25,28.82,27.86,28.26,28.83,27.87,28.28,28.83,27.88,28.29,28.83,27.89,28.31,28.84,27.9,28.33,28.85,27.91,28.35,28.88,27.92,28.37,28.91,27.94,28.39,28.95,27.95,28.4,29.0,27.96,28.42,29.05,27.97,28.43,29.09,27.98,28.44,29.12,27.99,28.45,29.13,27.99,28.46,29.14,28.0,28.46,29.15,28.0,28.48,29.15,28.01,28.49,29.15,28.02,28.52,29.15,28.04,28.54,29.15,28.06,28.57,29.16,28.07,28.59,29.17,28.08,28.61,29.18,28.08,28.61,29.2,28.08,28.61,29.22,28.07,28.61,29.24,28.07,28.6,29.26,28.06,28.6,29.27,28.07,28.61,29.29,28.07,28.63,29.3,28.08,28.65,29.31,28.09,28.68,29.31,28.1,28.7,29.32,28.1,28.72,29.32,28.1,28.73,29.33,28.1,28.74,29.33,28.09,28.74,29.33,28.07,28.74,29.34,28.06,28.74,29.34
IND.11510,Delhi,24.69,25.45,26.23,24.72,25.48,26.23,24.74,25.52,26.23,24.76,25.56,26.24,24.78,25.59,26.26,24.79,25.63,26.28,24.8,25.66,26.32,24.81,25.7,26.37,24.81,25.73,26.42,24.8,25.75,26.47,24.79,25.76,26.52,24.77,25.76,26.55,24.75,25.76,26.58,24.73,25.74,26.6,24.72,25.73,26.61,24.73,25.73,26.64,24.77,25.75,26.67,24.84,25.79,26.71,24.92,25.84,26.77,25.01,25.9,26.82,25.1,25.96,26.87,25.18,26.01,26.9,25.22,26.04,26.9,25.24,26.07,26.9,25.25,26.08,26.89,25.24,26.1,26.9,25.24,26.13,26.94,25.24,26.17,27.02,25.25,26.24,27.15,25.27,26.31,27.3,25.29,26.39,27.46,25.32,26.46,27.6,25.36,26.53,27.7,25.39,26.58,27.75,25.43,26.63,27.75,25.47,26.67,27.73,25.5,26.71,27.7,25.53,26.75,27.67,25.56,26.8,27.66,25.59,26.85,27.67,25.62,26.9,27.7,25.66,26.94,27.74,25.69,26.97,27.8,25.74,26.98,27.86,25.79,26.96,27.94,25.85,26.93,28.02,25.91,26.9,28.1,25.96,26.87,28.18,26.02,26.86,28.24,26.07,26.87,28.29,26.12,26.9,28.32,26.15,26.94,28.34,26.18,26.99,28.34,26.19,27.05,28.34,26.19,27.11,28.33,26.18,27.17,28.31,26.17,27.23,28.29,26.17,27.28,28.28,26.19,27.31,28.28,26.25,27.32,28.3,26.32,27.31,28.34,26.41,27.3,28.39,26.48,27.3,28.45,26.53,27.31,28.52,26.52,27.34,28.59,26.47,27.4,28.66,26.38,27.48,28.73,26.29,27.55,28.8,26.2,27.61,28.85,26.15,27.63,28.9,26.15,27.61,28.93,26.19,27.55,28.95,26.25,27.48,28.97,26.33,27.42,28.99,26.4,27.39,29.01,26.44,27.4,29.05,26.47,27.45,29.08,26.47,27.52,29.12,26.47,27.61,29.14,26.46,27.7,29.15,26.46,27.77,29.13,26.47,27.81,29.07,26.49,27.83,29.0,26.52,27.84,28.9,26.55,27.83,28.8,26.58,27.82,28.68
IND.11511,Goa,25.94,26.36,26.67,25.97,26.38,26.68,26.0,26.41,26.7,26.03,26.43,26.72,26.06,26.45,26.74,26.09,26.48,26.78,26.12,26.51,26.82,26.15,26.54,26.88,26.18,26.57,26.94,26.2,26.59,26.99,26.21,26.62,27.04,26.22,26.63,27.07,26.22,26.65,27.09,26.21,26.66,27.1,26.21,26.68,27.1,26.21,26.69,27.11,26.23,26.71,27.13,26.26,26.74,27.16,26.31,26.77,27.21,26.36,26.8,27.26,26.41,26.83,27.3,26.45,26.86,27.34,26.49,26.88,27.37,26.51,26.89,27.39,26.53,26.91,27.4,26.54,26.93,27.41,26.56,26.95,27.43,26.58,26.98,27.46,26.61,27.03,27.5,26.64,27.08,27.56,26.68,27.13,27.61,26.71,27.17,27.67,26.74,27.21,27.73,26.77,27.24,27.78,26.79,27.27,27.82,26.81,27.28,27.86,26.83,27.3,27.9,26.85,27.32,27.94,26.86,27.33,27.97,26.88,27.36,28.0,26.9,27.38,28.03,26.91,27.41,28.06,26.92,27.44,28.08,26.92,27.48,28.09,26.92,27.51,28.1,26.92,27.54,28.11,26.92,27.57,28.12,26.92,27.59,28.13,26.93,27.61,28.16,26.95,27.61,28.2,26.97,27.62,28.25,27.0,27.62,28.3,27.03,27.62,28.34,27.07,27.63,28.38,27.11,27.64,28.41,27.15,27.67,28.42,27.19,27.69,28.43,27.22,27.72,28.43,27.24,27.75,28.43,27.26,27.77,28.44,27.27,27.79,28.45,27.27,27.81,28.47,27.26,27.82,28.49,27.26,27.84,28.51,27.26,27.86,28.54,27.26,27.88,28.56,27.26,27.9,28.59,27.27,27.92,28.63,27.28,27.94,28.66,27.29,27.96,28.69,27.29,27.97,28.73,27.3,27.97,28.76,27.3,27.98,28.78,27.31,27.99,28.8,27.32,28.0,28.81,27.34,28.03,28.81,27.36,28.06,28.8,27.38,28.1,28.78,27.4,28.13,28.76,27.42,28.16,28.75,27.44,28.18,28.75,27.45,28.18,28.77,27.46,28.16,28.8,27.47,28.14,28.84,27.47,28.12,28.88,27.47,28.09,28.93
IND.11512,Gujarat,27.17,27.69,28.16,27.14,27.71,28.19,27.11,27.74,28.23,27.09,27.76,28.27,27.08,27.79,28.31,27.09,27.82,28.37,27.11,27.86,28.43,27.16,27.89,28.49,27.2,27.92,28.56,27.25,27.95,28.62,27.29,27.98,28.68,27.3,27.99,28.72,27.29,28.0,28.75,27.27,28.0,28.76,27.25,28.01,28.77,27.24,28.02,28.78,27.26,28.03,28.8,27.31,28.06,28.83,27.38,28.1,28.86,27.46,28.14,28.89,27.54,28.18,28.91,27.6,28.21,28.93,27.64,28.24,28.94,27.66,28.26,28.94,27.66,28.27,28.94,27.65,28.29,28.95,27.64,28.31,28.99,27.64,28.34,29.06,27.66,28.39,29.16,27.68,28.44,29.28,27.71,28.49,29.4,27.75,28.54,29.5,27.79,28.58,29.58,27.83,28.61,29.61,27.87,28.63,29.62,27.91,28.64,29.62,27.95,28.66,29.61,27.98,28.69,29.63,28.01,28.73,29.67,28.04,28.78,29.73,28.06,28.83,29.81,28.07,28.88,29.88,28.08,28.93,29.95,28.09,28.96,29.99,28.1,28.97,30.01,28.11,28.98,30.02,28.13,28.98,30.03,28.15,28.98,30.03,28.18,28.98,30.05,28.23,28.98,30.09,28.29,28.99,30.14,28.34,29.01,30.19,28.39,29.03,30.22,28.42,29.05,30.24,28.42,29.09,30.23,28.41,29.13,30.21,28.4,29.17,30.17,28.38,29.2,30.14,28.36,29.23,30.13,28.36,29.25,30.15,28.37,29.25,30.2,28.39,29.26,30.26,28.42,29.26,30.34,28.44,29.26,30.41,28.45,29.27,30.48,28.46,29.29,30.52,28.46,29.32,30.55,28.45,29.35,30.58,28.45,29.38,30.6,28.44,29.4,30.61,28.45,29.42,30.64,28.46,29.43,30.66,28.47,29.44,30.68,28.49,29.44,30.69,28.51,29.45,30.7,28.53,29.46,30.69,28.55,29.48,30.67,28.57,29.5,30.64,28.59,29.52,30.62,28.61,29.53,30.6,28.62,29.54,30.61,28.64,29.55,30.62,28.65,29.54,30.66,28.65,29.54,30.7,28.66,29.53,30.75,28.67,29.53,30.81
IND.11513,Haryana,24.61,25.37,26.04,24.64,25.4,26.05,24.67,25.42,26.07,24.69,25.45,26.09,24.72,25.48,26.12,24.73,25.5,26.15,24.74,25.53,26.2,24.75,25.56,26.25,24.74,25.58,26.3,24.74,25.6,26.36,24.73,25.62,26.41,24.71,25.62,26.45,24.7,25.62,26.49,24.69,25.62,26.52,24.7,25.62,26.54,24.72,25.63,26.56,24.76,25.66,26.58,24.82,25.7,26.61,24.9,25.76,26.63,24.98,25.82,26.66,25.06,25.88,26.68,25.13,25.93,26.7,25.17,25.96,26.71,25.18,25.98,26.73,25.19,26.0,26.75,25.18,26.01,26.78,25.16,26.04,26.84,25.15,26.08,26.93,25.15,26.15,27.04,25.16,26.22,27.17,25.18,26.3,27.3,25.2,26.37,27.41,25.24,26.43,27.5,25.3,26.47,27.56,25.35,26.49,27.59,25.41,26.52,27.6,25.47,26.54,27.6,25.51,26.57,27.6,25.53,26.61,27.61,25.54,26.67,27.62,25.54,26.73,27.65,25.55,26.78,27.69,25.56,26.81,27.74,25.59,26.83,27.79,25.64,26.82,27.86,25.7,26.8,27.92,25.76,26.78,27.99,25.83,26.76,28.05,25.89,26.77,28.1,25.94,26.79,28.14,25.98,26.83,28.17,26.01,26.88,28.18,26.04,26.94,28.19,26.05,27.0,28.2,26.07,27.05,28.19,26.08,27.1,28.19,26.09,27.14,28.18,26.11,27.17,28.18,26.14,27.19,28.19,26.18,27.19,28.21,26.24,27.19,28.25,26.3,27.18,28.29,26.35,27.18,28.34,26.37,27.2,28.4,26.37,27.23,28.45,26.33,27.28,28.51,26.27,27.34,28.57,26.2,27.4,28.63,26.14,27.45,28.68,26.11,27.47,28.72,26.12,27.45,28.75,26.15,27.41,28.78,26.21,27.35,28.8,26.27,27.31,28.81,26.32,27.29,28.83,26.35,27.3,28.84,26.36,27.36,28.86,26.36,27.43,28.87,26.35,27.52,28.87,26.34,27.6,28.87,26.35,27.65,28.85,26.37,27.68,28.82,26.4,27.69,28.78,26.44,27.69,28.74,26.48,27.67,28.68,26.53,27.64,28.63
IND.11514,Himachal Pradesh,3.93,4.82,5.42,3.96,4.82,5.43,4.0,4.83,5.45,4.04,4.84,5.48,4.08,4.86,5.51,4.13,4.88,5.57,4.18,4.92,5.64,4.23,4.96,5.73,4.28,5.01,5.82,4.33,5.05,5.9,4.36,5.08,5.96,4.39,5.1,5.98,4.4,5.11,5.98,4.4,5.11,5.95,4.4,5.11,5.93,4.4,5.12,5.92,4.41,5.14,5.93,4.42,5.19,5.99,4.44,5.26,6.07,4.47,5.33,6.16,4.51,5.4,6.25,4.55,5.45,6.31,4.6,5.49,6.34,4.65,5.5,6.35,4.69,5.51,6.33,4.74,5.52,6.33,4.78,5.54,6.33,4.82,5.59,6.38,4.85,5.66,6.45,4.87,5.74,6.55,4.9,5.82,6.66,4.92,5.89,6.76,4.95,5.94,6.83,4.99,5.97,6.88,5.03,5.97,6.9,5.08,5.97,6.9,5.12,5.96,6.9,5.16,5.97,6.91,5.19,6.0,6.93,5.21,6.05,6.96,5.23,6.11,7.01,5.26,6.17,7.06,5.28,6.22,7.12,5.31,6.26,7.18,5.35,6.29,7.24,5.39,6.3,7.3,5.43,6.31,7.36,5.46,6.33,7.4,5.48,6.35,7.43,5.5,6.37,7.45,5.51,6.41,7.46,5.52,6.45,7.46,5.53,6.49,7.46,5.55,6.54,7.47,5.57,6.59,7.49,5.6,6.63,7.52,5.64,6.67,7.56,5.68,6.71,7.6,5.72,6.73,7.63,5.76,6.75,7.67,5.8,6.75,7.7,5.84,6.75,7.72,5.87,6.75,7.76,5.9,6.76,7.79,5.93,6.78,7.84,5.96,6.82,7.89,5.99,6.86,7.96,6.01,6.9,8.02,6.03,6.94,8.07,6.04,6.96,8.12,6.06,6.97,8.14,6.06,6.96,8.16,6.07,6.94,8.16,6.06,6.92,8.16,6.06,6.91,8.16,6.04,6.92,8.15,6.02,6.94,8.15,6.0,6.98,8.15,5.99,7.02,8.15,5.98,7.06,8.15,5.98,7.09,8.16,5.99,7.11,8.16,6.01,7.12,8.16,6.04,7.13,8.17,6.08,7.14,8.17,6.12,7.14,8.18
IND.11515,Jammu and Kashmir,-3.0,-2.21,-1.44,-3.02,-2.19,-1.43,-3.04,-2.18,-1.42,-3.04,-2.16,-1.39,-3.04,-2.13,-1.35,-3.01,-2.09,-1.29,-2.96,-2.03,-1.21,-2.89,-1.97,-1.11,-2.81,-1.91,-1.01,-2.73,-1.85,-0.91,-2.67,-1.81,-0.85,-2.62,-1.79,-0.82,-2.59,-1.8,-0.82,-2.58,-1.81,-0.85,-2.57,-1.83,-0.88,-2.57,-1.83,-0.9,-2.56,-1.81,-0.88,-2.54,-1.75,-0.81,-2.51,-1.68,-0.72,-2.48,-1.59,-0.61,-2.44,-1.51,-0.5,-2.4,-1.45,-0.42,-2.36,-1.41,-0.37,-2.32,-1.4,-0.35,-2.29,-1.4,-0.35,-2.25,-1.39,-0.36,-2.22,-1.38,-0.36,-2.19,-1.33,-0.33,-2.16,-1.26,-0.28,-2.13,-1.17,-0.22,-2.09,-1.08,-0.14,-2.05,-1.0,-0.07,-2.0,-0.95,-0.01,-1.94,-0.92,0.03,-1.88,-0.92,0.06,-1.82,-0.93,0.09,-1.77,-0.93,0.11,-1.73,-0.93,0.13,-1.71,-0.9,0.16,-1.69,-0.85,0.19,-1.69,-0.79,0.24,-1.68,-0.73,0.29,-1.67,-0.68,0.35,-1.64,-0.64,0.41,-1.61,-0.62,0.47,-1.56,-0.61,0.54,-1.52,-0.6,0.6,-1.47,-0.59,0.65,-1.43,-0.57,0.7,-1.39,-0.53,0.73,-1.37,-0.49,0.76,-1.35,-0.44,0.78,-1.33,-0.38,0.8,-1.33,-0.33,0.81,-1.32,-0.28,0.84,-1.32,-0.23,0.87,-1.32,-0.19,0.9,-1.31,-0.16,0.93,-1.3,-0.14,0.95,-1.27,-0.12,0.98,-1.24,-0.12,1.0,-1.21,-0.12,1.02,-1.17,-0.13,1.04,-1.12,-0.12,1.08,-1.08,-0.1,1.12,-1.04,-0.07,1.17,-1.0,-0.03,1.23,-0.97,0.01,1.29,-0.94,0.04,1.35,-0.92,0.07,1.39,-0.9,0.08,1.42,-0.88,0.08,1.43,-0.88,0.08,1.44,-0.88,0.07,1.44,-0.88,0.08,1.44,-0.9,0.09,1.45,-0.91,0.13,1.46,-0.94,0.16,1.48,-0.96,0.21,1.51,-0.98,0.25,1.53,-1.0,0.28,1.56,-1.01,0.31,1.59,-1.02,0.33,1.62,-1.02,0.34,1.65,-1.02,0.35,1.68,-1.02,0.36,1.71
IND.11516,Jharkhand,24.42,25.08,25.63,24.39,25.07,25.66,24.36,25.07,25.7,24.34,25.07,25.73,24.34,25.08,25.77,24.35,25.1,25.81,24.39,25.13,25.85,24.44,25.18,25.89,24.5,25.23,25.92,24.57,25.28,25.96,24.62,25.32,25.98,24.65,25.35,26.0,24.66,25.37,26.0,24.65,25.37,26.01,24.64,25.38,26.01,24.63,25.39,26.02,24.63,25.4,26.03,24.64,25.44,26.06,24.66,25.48,26.1,24.69,25.52,26.14,24.72,25.57,26.18,24.76,25.61,26.22,24.79,25.64,26.26,24.81,25.66,26.3,24.84,25.68,26.33,24.87,25.71,26.38,24.9,25.75,26.43,24.95,25.8,26.5,25.0,25.87,26.59,25.06,25.94,26.69,25.12,26.02,26.78,25.18,26.09,26.86,25.24,26.14,26.93,25.29,26.18,26.97,25.33,26.2,26.99,25.37,26.21,27.01,25.42,26.21,27.03,25.46,26.22,27.06,25.5,26.25,27.11,25.54,26.28,27.17,25.59,26.32,27.24,25.63,26.36,27.3,25.67,26.4,27.35,25.7,26.43,27.37,25.72,26.45,27.38,25.74,26.47,27.37,25.75,26.48,27.36,25.75,26.49,27.36,25.75,26.51,27.37,25.73,26.52,27.41,25.72,26.53,27.46,25.7,26.54,27.52,25.69,26.55,27.58,25.68,26.56,27.64,25.69,26.57,27.67,25.72,26.58,27.69,25.75,26.59,27.7,25.78,26.61,27.71,25.82,26.63,27.72,25.86,26.66,27.74,25.9,26.69,27.76,25.93,26.73,27.79,25.96,26.77,27.83,25.98,26.81,27.86,26.0,26.85,27.89,26.01,26.89,27.92,26.02,26.93,27.96,26.03,26.96,27.99,26.03,26.99,28.03,26.04,27.0,28.09,26.04,27.0,28.15,26.05,26.98,28.22,26.06,26.97,28.29,26.07,26.95,28.35,26.09,26.95,28.39,26.11,26.96,28.41,26.14,26.98,28.41,26.17,27.01,28.39,26.19,27.04,28.36,26.22,27.08,28.31,26.24,27.11,28.27,26.26,27.14,28.22,26.28,27.16,28.16,26.29,27.18,28.11,26.3,27.2,28.06,26.32,27.22,28.01
IND.11517,Karnataka,25.3,25.75,26.23,25.33,25.8,26.28,25.36,25.86,26.33,25.38,25.91,26.38,25.4,25.96,26.42,25.42,26.0,26.47,25.43,26.03,26.51,25.43,26.06,26.55,25.43,26.08,26.58,25.43,26.1,26.62,25.44,26.12,26.65,25.47,26.13,26.67,25.5,26.14,26.7,25.54,26.15,26.72,25.58,26.17,26.74,25.61,26.19,26.77,25.64,26.21,26.79,25.66,26.24,26.82,25.68,26.27,26.85,25.68,26.3,26.88,25.7,26.34,26.91,25.71,26.36,26.94,25.74,26.38,26.98,25.78,26.4,27.02,25.82,26.42,27.06,25.86,26.43,27.1,25.9,26.46,27.14,25.92,26.49,27.19,25.94,26.53,27.23,25.95,26.58,27.28,25.96,26.63,27.33,25.97,26.68,27.38,25.99,26.72,27.43,26.02,26.75,27.47,26.05,26.77,27.52,26.09,26.79,27.56,26.13,26.81,27.6,26.16,26.82,27.64,26.18,26.84,27.67,26.19,26.87,27.7,26.2,26.89,27.72,26.21,26.92,27.74,26.23,26.95,27.76,26.26,26.98,27.78,26.29,27.01,27.79,26.34,27.04,27.81,26.37,27.06,27.84,26.4,27.08,27.87,26.42,27.09,27.9,26.42,27.08,27.95,26.41,27.08,28.0,26.4,27.07,28.05,26.39,27.08,28.1,26.4,27.09,28.13,26.43,27.11,28.14,26.48,27.15,28.14,26.53,27.19,28.13,26.58,27.24,28.12,26.62,27.28,28.11,26.65,27.3,28.12,26.65,27.32,28.14,26.64,27.33,28.17,26.63,27.34,28.2,26.61,27.34,28.24,26.61,27.35,28.28,26.62,27.36,28.32,26.63,27.38,28.36,26.65,27.4,28.39,26.67,27.42,28.42,26.69,27.44,28.45,26.7,27.46,28.47,26.71,27.47,28.49,26.71,27.48,28.51,26.72,27.49,28.52,26.72,27.51,28.53,26.73,27.53,28.53,26.75,27.55,28.53,26.77,27.58,28.52,26.78,27.6,28.51,26.8,27.62,28.52,26.81,27.64,28.52,26.81,27.64,28.54,26.81,27.64,28.57,26.8,27.64,28.6,26.79,27.63,28.64,26.78,27.61,28.68
IND.11518,Kerala,25.58,25.94,26.27,25.62,25.97,26.32,25.66,26.01,26.37,25.7,26.04,26.42,25.73,26.08,26.47,25.76,26.11,26.51,25.79,26.15,26.55,25.8,26.19,26.58,25.82,26.22,26.61,25.83,26.25,26.63,25.84,26.28,26.66,25.86,26.3,26.68,25.87,26.31,26.7,25.89,26.32,26.73,25.92,26.33,26.75,25.94,26.35,26.78,25.97,26.37,26.82,26.01,26.41,26.85,26.04,26.45,26.89,26.07,26.5,26.93,26.1,26.54,26.97,26.12,26.58,27.0,26.13,26.6,27.03,26.14,26.62,27.06,26.15,26.63,27.08,26.15,26.64,27.11,26.16,26.65,27.13,26.19,26.67,27.16,26.22,26.69,27.19,26.26,26.72,27.23,26.3,26.76,27.27,26.34,26.79,27.31,26.37,26.82,27.35,26.38,26.85,27.39,26.38,26.88,27.43,26.38,26.9,27.47,26.38,26.92,27.51,26.39,26.94,27.54,26.41,26.96,27.57,26.44,26.98,27.6,26.47,27.01,27.63,26.51,27.03,27.65,26.54,27.05,27.68,26.57,27.07,27.7,26.59,27.09,27.73,26.61,27.11,27.76,26.62,27.12,27.78,26.63,27.14,27.81,26.63,27.15,27.83,26.63,27.17,27.85,26.63,27.18,27.87,26.64,27.2,27.89,26.65,27.21,27.91,26.66,27.23,27.93,26.69,27.26,27.95,26.72,27.28,27.98,26.76,27.3,28.0,26.79,27.33,28.03,26.82,27.35,28.05,26.83,27.36,28.07,26.84,27.37,28.1,26.84,27.38,28.11,26.83,27.39,28.13,26.83,27.41,28.16,26.83,27.42,28.18,26.83,27.45,28.21,26.84,27.47,28.24,26.86,27.5,28.27,26.87,27.52,28.29,26.89,27.54,28.32,26.91,27.54,28.34,26.93,27.54,28.36,26.94,27.54,28.37,26.95,27.54,28.38,26.96,27.54,28.39,26.96,27.56,28.39,26.97,27.58,28.39,26.96,27.61,28.39,26.96,27.64,28.39,26.96,27.67,28.39,26.95,27.69,28.4,26.95,27.7,28.41,26.95,27.71,28.42,26.94,27.72,28.44,26.94,27.72,28.46,26.94,27.71,28.48
IND.11519,Lakshadweep,27.2,27.52,27.83,27.23,27.55,27.83,27.27,27.57,27.84,27.3,27.6,27.85,27.34,27.63,27.87,27.36,27.65,27.91,27.39,27.68,27.96,27.41,27.71,28.02,27.42,27.73,28.09,27.44,27.76,28.15,27.45,27.78,28.2,27.46,27.8,28.23,27.47,27.82,28.25,27.48,27.84,28.25,27.49,27.86,28.24,27.51,27.88,28.25,27.53,27.9,28.26,27.57,27.93,28.3,27.61,27.95,28.35,27.65,27.98,28.41,27.69,28.01,28.46,27.72,28.03,28.49,27.74,28.05,28.51,27.75,28.06,28.51,27.75,28.07,28.51,27.75,28.09,28.5,27.76,28.11,28.51,27.77,28.13,28.54,27.79,28.16,28.59,27.82,28.19,28.66,27.86,28.23,28.73,27.89,28.26,28.79,27.92,28.29,28.84,27.94,28.31,28.86,27.96,28.33,28.87,27.98,28.35,28.88,28.0,28.37,28.89,28.01,28.39,28.9,28.03,28.41,28.94,28.05,28.43,28.99,28.07,28.46,29.05,28.09,28.48,29.1,28.11,28.51,29.14,28.12,28.53,29.16,28.13,28.55,29.16,28.14,28.56,29.15,28.14,28.58,29.13,28.15,28.59,29.13,28.15,28.61,29.14,28.16,28.63,29.17,28.17,28.65,29.22,28.19,28.67,29.27,28.2,28.69,29.32,28.22,28.71,29.36,28.23,28.73,29.38,28.24,28.75,29.38,28.26,28.76,29.38,28.27,28.77,29.37,28.28,28.78,29.37,28.29,28.79,29.38,28.3,28.79,29.41,28.31,28.8,29.44,28.32,28.8,29.48,28.32,28.81,29.51,28.32,28.83,29.55,28.32,28.85,29.57,28.32,28.87,29.59,28.32,28.89,29.61,28.33,28.91,29.62,28.33,28.93,29.64,28.35,28.95,29.66,28.36,28.95,29.68,28.38,28.96,29.7,28.4,28.97,29.71,28.41,28.98,29.72,28.42,28.99,29.72,28.43,29.0,29.71,28.43,29.02,29.7,28.44,29.04,29.68,28.44,29.06,29.68,28.45,29.08,29.68,28.46,29.09,29.69,28.47,29.1,29.7,28.49,29.11,29.73,28.51,29.12,29.76,28.52,29.13,29.79
IND.1152,Andhra Pradesh,27.26,27.7,28.24,27.29,27.75,28.26,27.31,27.8,28.29,27.33,27.84,28.32,27.35,27.88,28.35,27.36,27.92,28.38,27.36,27.95,28.42,27.36,27.97,28.47,27.36,27.99,28.51,27.35,28.0,28.55,27.36,28.01,28.59,27.37,28.02,28.63,27.39,28.04,28.65,27.42,28.06,28.68,27.45,28.08,28.69,27.49,28.1,28.71,27.52,28.13,28.74,27.55,28.16,28.77,27.58,28.2,28.8,27.61,28.24,28.83,27.63,28.27,28.87,27.65,28.29,28.9,27.67,28.3,28.93,27.69,28.3,28.96,27.71,28.3,28.99,27.73,28.3,29.02,27.74,28.32,29.05,27.76,28.35,29.1,27.78,28.4,29.14,27.8,28.47,29.19,27.82,28.53,29.25,27.85,28.59,29.3,27.88,28.63,29.36,27.92,28.66,29.41,27.96,28.67,29.46,28.01,28.67,29.5,28.04,28.67,29.54,28.07,28.67,29.58,28.09,28.68,29.61,28.09,28.71,29.64,28.09,28.74,29.66,28.1,28.78,29.68,28.11,28.81,29.7,28.14,28.85,29.71,28.18,28.87,29.72,28.23,28.9,29.73,28.28,28.92,29.74,28.32,28.93,29.76,28.34,28.94,29.8,28.35,28.94,29.84,28.34,28.94,29.88,28.33,28.94,29.93,28.32,28.95,29.97,28.33,28.97,30.0,28.36,29.0,30.02,28.4,29.04,30.02,28.46,29.08,30.01,28.5,29.12,30.01,28.54,29.15,30.0,28.56,29.16,30.01,28.56,29.16,30.02,28.54,29.15,30.05,28.53,29.14,30.08,28.51,29.13,30.12,28.5,29.14,30.16,28.51,29.16,30.2,28.53,29.2,30.23,28.55,29.23,30.27,28.56,29.27,30.3,28.57,29.3,30.32,28.57,29.31,30.33,28.56,29.32,30.34,28.55,29.32,30.34,28.55,29.32,30.34,28.55,29.33,30.35,28.57,29.34,30.37,28.61,29.37,30.39,28.65,29.4,30.42,28.69,29.43,30.44,28.72,29.45,30.46,28.74,29.47,30.47,28.74,29.47,30.47,28.73,29.46,30.46,28.7,29.45,30.44,28.67,29.43,30.42,28.64,29.41,30.39
IND.11520,Madhya Pradesh,25.21,25.87,26.4,25.18,25.88,26.45,25.16,25.9,26.51,25.14,25.91,26.56,25.12,25.93,26.61,25.11,25.95,26.67,25.11,25.98,26.72,25.12,26.01,26.77,25.13,26.04,26.82,25.15,26.07,26.87,25.17,26.1,26.92,25.19,26.12,26.95,25.22,26.14,26.99,25.25,26.16,27.01,25.28,26.18,27.04,25.31,26.2,27.07,25.34,26.22,27.1,25.37,26.25,27.13,25.4,26.27,27.17,25.44,26.3,27.2,25.48,26.34,27.23,25.52,26.37,27.25,25.57,26.41,27.26,25.63,26.45,27.26,25.68,26.49,27.27,25.73,26.54,27.29,25.77,26.58,27.33,25.79,26.63,27.41,25.8,26.68,27.51,25.8,26.73,27.63,25.8,26.78,27.76,25.81,26.83,27.86,25.84,26.87,27.94,25.88,26.91,27.98,25.95,26.94,27.99,26.01,26.97,27.98,26.07,26.99,27.97,26.12,27.02,27.97,26.15,27.05,27.99,26.16,27.08,28.03,26.17,27.1,28.09,26.17,27.13,28.14,26.18,27.16,28.19,26.2,27.18,28.23,26.24,27.19,28.25,26.28,27.21,28.26,26.33,27.22,28.27,26.37,27.23,28.29,26.41,27.23,28.33,26.42,27.24,28.38,26.43,27.24,28.45,26.43,27.25,28.51,26.43,27.25,28.57,26.43,27.27,28.6,26.44,27.29,28.6,26.45,27.31,28.57,26.47,27.34,28.54,26.49,27.38,28.5,26.52,27.41,28.47,26.57,27.45,28.47,26.61,27.48,28.49,26.65,27.51,28.53,26.69,27.55,28.58,26.71,27.59,28.64,26.72,27.63,28.7,26.71,27.67,28.76,26.69,27.71,28.82,26.66,27.74,28.88,26.63,27.77,28.94,26.61,27.78,28.99,26.6,27.77,29.04,26.6,27.74,29.09,26.61,27.71,29.13,26.63,27.69,29.16,26.65,27.67,29.18,26.68,27.67,29.19,26.71,27.69,29.18,26.74,27.72,29.16,26.77,27.76,29.14,26.8,27.8,29.12,26.84,27.83,29.11,26.87,27.86,29.11,26.91,27.89,29.11,26.95,27.91,29.12,26.98,27.93,29.13,27.02,27.94,29.15
IND.11521,Maharashtra,26.1,26.76,27.22,26.13,26.79,27.26,26.16,26.81,27.3,26.19,26.84,27.34,26.21,26.86,27.38,26.22,26.88,27.43,26.22,26.91,27.48,26.22,26.93,27.53,26.21,26.95,27.58,26.21,26.97,27.64,26.22,27.0,27.69,26.24,27.02,27.73,26.28,27.04,27.77,26.33,27.06,27.8,26.38,27.08,27.83,26.42,27.1,27.85,26.45,27.12,27.87,26.46,27.14,27.89,26.46,27.16,27.91,26.46,27.18,27.92,26.45,27.2,27.94,26.46,27.22,27.96,26.49,27.24,27.98,26.53,27.26,28.01,26.58,27.29,28.05,26.63,27.32,28.09,26.68,27.36,28.15,26.72,27.4,28.21,26.74,27.46,28.29,26.75,27.51,28.37,26.77,27.57,28.45,26.79,27.62,28.52,26.83,27.65,28.59,26.89,27.68,28.64,26.95,27.69,28.68,27.02,27.7,28.71,27.07,27.71,28.74,27.1,27.73,28.76,27.11,27.75,28.8,27.09,27.79,28.83,27.06,27.83,28.86,27.03,27.87,28.89,27.02,27.91,28.91,27.04,27.95,28.92,27.09,27.97,28.93,27.15,28.0,28.93,27.22,28.02,28.93,27.28,28.03,28.96,27.33,28.03,29.0,27.35,28.04,29.07,27.35,28.04,29.15,27.35,28.04,29.22,27.34,28.04,29.29,27.33,28.04,29.32,27.34,28.05,29.32,27.36,28.07,29.29,27.38,28.1,29.25,27.42,28.13,29.2,27.45,28.17,29.17,27.48,28.22,29.17,27.52,28.27,29.19,27.54,28.32,29.24,27.57,28.37,29.3,27.58,28.41,29.37,27.59,28.44,29.43,27.6,28.45,29.48,27.59,28.45,29.52,27.59,28.45,29.56,27.59,28.44,29.59,27.58,28.43,29.61,27.59,28.43,29.64,27.59,28.43,29.67,27.6,28.44,29.69,27.62,28.45,29.7,27.63,28.47,29.71,27.65,28.49,29.71,27.67,28.51,29.71,27.69,28.54,29.7,27.71,28.57,29.69,27.73,28.6,29.68,27.75,28.62,29.69,27.78,28.64,29.7,27.8,28.65,29.72,27.82,28.66,29.74,27.84,28.67,29.77,27.86,28.68,29.81
IND.11522,Manipur,19.89,20.3,20.88,19.89,20.34,20.9,19.89,20.38,20.91,19.9,20.42,20.93,19.93,20.46,20.95,19.96,20.5,20.98,20.01,20.54,21.01,20.08,20.58,21.06,20.15,20.62,21.11,20.21,20.65,21.16,20.26,20.67,21.2,20.28,20.69,21.25,20.27,20.71,21.28,20.25,20.72,21.31,20.22,20.73,21.34,20.19,20.74,21.36,20.19,20.75,21.38,20.2,20.77,21.39,20.24,20.79,21.41,20.29,20.82,21.44,20.34,20.85,21.47,20.39,20.87,21.53,20.44,20.9,21.6,20.47,20.93,21.69,20.49,20.96,21.78,20.51,20.99,21.87,20.52,21.02,21.94,20.54,21.05,21.99,20.56,21.09,22.01,20.58,21.12,22.01,20.61,21.16,22.01,20.64,21.2,22.01,20.67,21.25,22.02,20.71,21.29,22.05,20.75,21.33,22.1,20.79,21.37,22.16,20.84,21.41,22.23,20.88,21.44,22.3,20.91,21.47,22.38,20.94,21.5,22.47,20.97,21.53,22.54,21.0,21.55,22.61,21.02,21.57,22.67,21.05,21.59,22.71,21.08,21.61,22.73,21.1,21.63,22.73,21.12,21.65,22.73,21.13,21.67,22.72,21.13,21.69,22.7,21.12,21.71,22.69,21.11,21.72,22.67,21.09,21.74,22.67,21.08,21.76,22.67,21.08,21.78,22.68,21.09,21.8,22.71,21.12,21.82,22.75,21.16,21.85,22.8,21.21,21.87,22.84,21.26,21.89,22.89,21.32,21.91,22.92,21.37,21.93,22.95,21.42,21.94,22.98,21.46,21.96,23.01,21.48,21.98,23.04,21.48,22.01,23.09,21.45,22.04,23.15,21.42,22.07,23.21,21.39,22.1,23.27,21.36,22.13,23.33,21.36,22.16,23.38,21.39,22.18,23.4,21.44,22.2,23.42,21.51,22.21,23.42,21.57,22.22,23.42,21.62,22.23,23.41,21.64,22.23,23.4,21.63,22.24,23.39,21.61,22.24,23.38,21.58,22.25,23.38,21.56,22.26,23.38,21.54,22.27,23.39,21.53,22.28,23.4,21.54,22.29,23.42,21.55,22.31,23.45,21.57,22.32,23.47,21.6,22.34,23.5
IND.11523,Meghalaya,21.23,21.86,22.46,21.27,21.9,22.47,21.3,21.94,22.48,21.34,21.97,22.5,21.37,22.01,22.52,21.41,22.05,22.55,21.45,22.09,22.58,21.49,22.13,22.62,21.54,22.17,22.66,21.58,22.2,22.7,21.61,22.22,22.74,21.64,22.24,22.76,21.66,22.24,22.77,21.67,22.24,22.78,21.68,22.24,22.78,21.69,22.24,22.79,21.71,22.24,22.81,21.72,22.25,22.83,21.73,22.27,22.87,21.76,22.29,22.92,21.78,22.32,22.98,21.81,22.35,23.05,21.85,22.39,23.12,21.9,22.43,23.2,21.94,22.47,23.27,21.98,22.51,23.34,22.02,22.55,23.4,22.05,22.6,23.44,22.06,22.64,23.46,22.08,22.68,23.48,22.09,22.72,23.49,22.1,22.76,23.51,22.12,22.79,23.54,22.15,22.82,23.59,22.19,22.85,23.65,22.24,22.88,23.72,22.28,22.91,23.79,22.33,22.95,23.87,22.37,23.0,23.94,22.41,23.05,24.01,22.45,23.1,24.06,22.49,23.14,24.11,22.52,23.18,24.15,22.56,23.21,24.18,22.59,23.23,24.2,22.62,23.24,24.2,22.65,23.24,24.2,22.67,23.24,24.2,22.69,23.25,24.19,22.69,23.26,24.19,22.69,23.27,24.18,22.68,23.29,24.18,22.67,23.31,24.19,22.66,23.33,24.21,22.65,23.36,24.24,22.65,23.38,24.28,22.65,23.41,24.32,22.68,23.43,24.36,22.72,23.46,24.4,22.78,23.49,24.42,22.87,23.51,24.44,22.96,23.54,24.45,23.04,23.57,24.47,23.1,23.6,24.5,23.12,23.63,24.55,23.1,23.66,24.61,23.06,23.69,24.69,23.01,23.72,24.77,22.96,23.75,24.84,22.94,23.78,24.9,22.96,23.79,24.94,23.0,23.8,24.96,23.06,23.81,24.96,23.13,23.82,24.96,23.18,23.82,24.96,23.21,23.82,24.96,23.21,23.82,24.97,23.2,23.83,24.98,23.18,23.83,25.0,23.16,23.84,25.02,23.14,23.84,25.04,23.13,23.85,25.05,23.12,23.85,25.07,23.12,23.86,25.08,23.13,23.86,25.1,23.14,23.86,25.11
IND.11524,Mizoram,21.84,22.24,22.74,21.83,22.28,22.77,21.83,22.32,22.8,21.83,22.36,22.83,21.84,22.4,22.86,21.87,22.43,22.9,21.91,22.47,22.94,21.96,22.51,22.98,22.02,22.54,23.02,22.08,22.57,23.06,22.12,22.6,23.09,22.15,22.61,23.11,22.15,22.62,23.12,22.14,22.63,23.13,22.13,22.63,23.14,22.12,22.64,23.15,22.12,22.65,23.18,22.14,22.67,23.21,22.17,22.7,23.26,22.21,22.73,23.31,22.25,22.76,23.37,22.29,22.79,23.44,22.33,22.81,23.51,22.36,22.84,23.57,22.39,22.87,23.63,22.41,22.89,23.69,22.42,22.92,23.73,22.44,22.95,23.76,22.45,22.99,23.78,22.46,23.03,23.79,22.47,23.07,23.81,22.5,23.11,23.83,22.54,23.16,23.86,22.59,23.2,23.91,22.65,23.24,23.97,22.71,23.28,24.04,22.76,23.32,24.12,22.81,23.35,24.19,22.83,23.38,24.26,22.84,23.4,24.32,22.84,23.42,24.38,22.85,23.45,24.42,22.85,23.47,24.46,22.88,23.51,24.49,22.91,23.54,24.52,22.95,23.58,24.53,22.99,23.62,24.54,23.03,23.65,24.55,23.05,23.67,24.55,23.06,23.67,24.55,23.06,23.67,24.55,23.05,23.66,24.56,23.04,23.66,24.57,23.04,23.66,24.59,23.04,23.67,24.61,23.04,23.7,24.65,23.06,23.73,24.69,23.08,23.77,24.73,23.12,23.8,24.76,23.16,23.83,24.79,23.21,23.85,24.81,23.26,23.87,24.82,23.3,23.89,24.84,23.33,23.91,24.86,23.33,23.93,24.9,23.31,23.96,24.94,23.28,23.98,24.99,23.25,24.01,25.05,23.24,24.03,25.09,23.24,24.05,25.14,23.28,24.07,25.16,23.33,24.08,25.18,23.4,24.1,25.19,23.47,24.11,25.19,23.52,24.11,25.19,23.53,24.12,25.19,23.52,24.14,25.19,23.5,24.15,25.18,23.46,24.16,25.18,23.43,24.17,25.19,23.42,24.18,25.2,23.42,24.19,25.21,23.45,24.2,25.22,23.48,24.21,25.24,23.53,24.22,25.26,23.58,24.23,25.28
IND.11525,Nagaland,19.35,19.87,20.31,19.4,19.9,20.34,19.44,19.93,20.38,19.48,19.97,20.42,19.52,20.0,20.46,19.57,20.04,20.5,19.61,20.08,20.55,19.66,20.12,20.59,19.7,20.15,20.64,19.74,20.19,20.69,19.77,20.22,20.74,19.78,20.24,20.78,19.78,20.25,20.81,19.78,20.26,20.84,19.77,20.26,20.87,19.77,20.27,20.89,19.78,20.27,20.91,19.8,20.28,20.93,19.84,20.3,20.95,19.88,20.32,20.97,19.92,20.34,21.0,19.96,20.37,21.05,20.0,20.4,21.12,20.02,20.44,21.2,20.05,20.48,21.28,20.07,20.52,21.36,20.09,20.57,21.44,20.11,20.61,21.49,20.13,20.65,21.53,20.15,20.69,21.55,20.18,20.73,21.57,20.2,20.77,21.58,20.23,20.81,21.6,20.26,20.84,21.63,20.3,20.87,21.67,20.33,20.9,21.72,20.36,20.93,21.77,20.39,20.96,21.83,20.42,21.0,21.89,20.45,21.04,21.96,20.47,21.08,22.02,20.5,21.12,22.07,20.53,21.15,22.12,20.56,21.17,22.15,20.59,21.17,22.17,20.62,21.17,22.19,20.64,21.17,22.2,20.66,21.18,22.2,20.67,21.2,22.21,20.66,21.23,22.21,20.65,21.27,22.22,20.63,21.31,22.23,20.62,21.35,22.24,20.61,21.38,22.25,20.62,21.4,22.27,20.63,21.42,22.29,20.66,21.42,22.31,20.7,21.43,22.33,20.75,21.43,22.35,20.8,21.44,22.37,20.86,21.45,22.39,20.91,21.47,22.41,20.96,21.49,22.44,20.99,21.52,22.48,21.0,21.54,22.54,20.99,21.56,22.61,20.97,21.58,22.68,20.95,21.6,22.75,20.94,21.63,22.82,20.94,21.66,22.86,20.97,21.69,22.88,21.03,21.73,22.88,21.08,21.76,22.87,21.14,21.8,22.85,21.18,21.82,22.84,21.19,21.83,22.84,21.17,21.83,22.85,21.14,21.82,22.87,21.1,21.81,22.89,21.07,21.8,22.92,21.04,21.79,22.95,21.03,21.79,22.97,21.04,21.79,22.99,21.06,21.8,23.01,21.08,21.81,23.02,21.11,21.82,23.04
IND.11526,Odisha,25.85,26.37,26.82,25.85,26.39,26.85,25.85,26.41,26.88,25.85,26.43,26.91,25.86,26.45,26.95,25.86,26.48,26.99,25.87,26.5,27.04,25.89,26.54,27.1,25.91,26.57,27.15,25.94,26.6,27.21,25.97,26.63,27.25,26.01,26.66,27.28,26.06,26.68,27.3,26.1,26.7,27.31,26.15,26.72,27.32,26.19,26.75,27.33,26.22,26.78,27.36,26.23,26.81,27.4,26.24,26.85,27.46,26.23,26.89,27.52,26.23,26.93,27.57,26.23,26.96,27.61,26.24,26.97,27.64,26.25,26.98,27.65,26.27,26.99,27.65,26.29,27.01,27.66,26.32,27.03,27.68,26.36,27.08,27.72,26.4,27.14,27.78,26.45,27.21,27.85,26.5,27.28,27.94,26.56,27.35,28.02,26.62,27.39,28.08,26.69,27.42,28.14,26.75,27.42,28.18,26.8,27.42,28.21,26.85,27.42,28.23,26.88,27.42,28.26,26.88,27.43,28.29,26.88,27.45,28.33,26.86,27.48,28.36,26.85,27.52,28.39,26.84,27.55,28.42,26.86,27.59,28.44,26.89,27.62,28.46,26.93,27.64,28.47,26.98,27.67,28.49,27.02,27.69,28.5,27.05,27.71,28.52,27.07,27.74,28.55,27.07,27.76,28.58,27.07,27.78,28.61,27.07,27.79,28.65,27.07,27.8,28.67,27.09,27.8,28.7,27.11,27.8,28.72,27.13,27.79,28.73,27.16,27.8,28.74,27.18,27.8,28.75,27.2,27.83,28.76,27.21,27.86,28.77,27.22,27.9,28.79,27.23,27.95,28.8,27.24,27.99,28.82,27.25,28.03,28.85,27.27,28.05,28.88,27.29,28.07,28.92,27.31,28.09,28.96,27.34,28.09,29.01,27.36,28.1,29.05,27.38,28.11,29.09,27.4,28.12,29.12,27.41,28.13,29.15,27.42,28.14,29.18,27.43,28.16,29.2,27.44,28.18,29.21,27.44,28.2,29.22,27.44,28.22,29.22,27.44,28.25,29.21,27.45,28.27,29.21,27.45,28.28,29.2,27.46,28.29,29.19,27.47,28.29,29.17,27.48,28.29,29.16,27.5,28.29,29.14,27.51,28.28,29.13
IND.11527,Puducherry,27.82,28.21,28.63,27.86,28.25,28.65,27.89,28.29,28.68,27.92,28.33,28.71,27.95,28.36,28.74,27.96,28.4,28.77,27.97,28.43,28.81,27.98,28.45,28.84,27.98,28.47,28.88,27.98,28.49,28.92,27.98,28.5,28.95,27.99,28.52,28.97,28.0,28.54,28.99,28.02,28.55,29.01,28.05,28.57,29.02,28.08,28.6,29.04,28.12,28.62,29.07,28.15,28.66,29.1,28.19,28.7,29.15,28.22,28.73,29.2,28.25,28.77,29.24,28.27,28.79,29.28,28.29,28.81,29.31,28.3,28.82,29.34,28.3,28.82,29.36,28.31,28.82,29.38,28.32,28.82,29.4,28.34,28.84,29.44,28.37,28.85,29.48,28.41,28.88,29.53,28.45,28.92,29.58,28.49,28.95,29.63,28.52,29.0,29.68,28.55,29.04,29.71,28.57,29.08,29.74,28.6,29.12,29.76,28.62,29.16,29.79,28.63,29.18,29.8,28.66,29.19,29.82,28.68,29.2,29.85,28.7,29.2,29.87,28.72,29.2,29.89,28.74,29.2,29.92,28.75,29.22,29.95,28.76,29.24,29.98,28.77,29.27,30.02,28.77,29.3,30.05,28.77,29.33,30.07,28.77,29.35,30.1,28.76,29.35,30.11,28.76,29.35,30.12,28.76,29.35,30.13,28.76,29.35,30.14,28.77,29.36,30.16,28.8,29.38,30.18,28.83,29.41,30.22,28.87,29.45,30.26,28.9,29.49,30.29,28.94,29.52,30.32,28.96,29.53,30.35,28.97,29.53,30.36,28.98,29.53,30.37,28.98,29.52,30.38,28.99,29.51,30.39,29.0,29.52,30.41,29.01,29.54,30.43,29.03,29.56,30.45,29.05,29.6,30.47,29.05,29.63,30.49,29.05,29.65,30.5,29.03,29.67,30.51,29.01,29.68,30.51,28.98,29.68,30.51,28.96,29.69,30.51,28.96,29.69,30.52,28.97,29.71,30.54,29.01,29.72,30.57,29.06,29.74,30.6,29.11,29.76,30.63,29.15,29.78,30.66,29.18,29.79,30.68,29.18,29.8,30.69,29.17,29.8,30.69,29.14,29.8,30.68,29.11,29.79,30.66,29.07,29.79,30.65
IND.11528,Punjab,23.94,24.74,25.22,23.96,24.73,25.26,23.98,24.72,25.31,24.01,24.71,25.35,24.03,24.71,25.39,24.05,24.72,25.44,24.08,24.74,25.49,24.1,24.77,25.54,24.12,24.81,25.58,24.14,24.84,25.63,24.14,24.86,25.68,24.14,24.88,25.72,24.13,24.88,25.76,24.11,24.88,25.8,24.1,24.89,25.84,24.1,24.9,25.87,24.13,24.93,25.91,24.18,24.98,25.93,24.24,25.05,25.96,24.31,25.12,25.98,24.38,25.19,25.99,24.44,25.24,26.01,24.48,25.27,26.01,24.5,25.29,26.02,24.5,25.29,26.03,24.5,25.3,26.06,24.49,25.32,26.11,24.49,25.37,26.2,24.5,25.43,26.31,24.52,25.51,26.44,24.55,25.59,26.57,24.6,25.66,26.68,24.65,25.71,26.77,24.72,25.73,26.82,24.79,25.74,26.84,24.85,25.73,26.85,24.9,25.74,26.84,24.94,25.75,26.85,24.94,25.8,26.86,24.92,25.86,26.89,24.9,25.94,26.93,24.88,26.01,26.98,24.87,26.06,27.03,24.89,26.09,27.09,24.94,26.09,27.15,25.01,26.07,27.21,25.08,26.05,27.27,25.16,26.04,27.32,25.22,26.04,27.37,25.26,26.07,27.41,25.29,26.11,27.44,25.31,26.17,27.46,25.33,26.23,27.48,25.36,26.3,27.5,25.4,26.36,27.5,25.44,26.41,27.51,25.5,26.45,27.51,25.55,26.48,27.51,25.61,26.5,27.52,25.66,26.5,27.53,25.7,26.5,27.55,25.73,26.5,27.58,25.75,26.5,27.62,25.76,26.51,27.66,25.75,26.54,27.72,25.72,26.59,27.77,25.68,26.64,27.83,25.65,26.7,27.89,25.62,26.74,27.94,25.62,26.76,27.99,25.64,26.74,28.01,25.68,26.71,28.03,25.73,26.66,28.04,25.78,26.62,28.04,25.81,26.6,28.03,25.81,26.62,28.03,25.79,26.67,28.02,25.76,26.73,28.02,25.72,26.81,28.01,25.69,26.88,28.01,25.68,26.93,28.01,25.69,26.96,28.01,25.71,26.97,28.02,25.75,26.97,28.03,25.79,26.95,28.03,25.84,26.93,28.04
IND.11529,Rajasthan,26.06,26.74,27.28,26.05,26.77,27.33,26.04,26.79,27.37,26.03,26.82,27.42,26.03,26.85,27.47,26.04,26.88,27.53,26.05,26.92,27.59,26.08,26.96,27.66,26.1,26.99,27.72,26.12,27.03,27.78,26.14,27.05,27.84,26.15,27.06,27.89,26.16,27.07,27.93,26.16,27.07,27.96,26.16,27.07,27.98,26.18,27.07,28.0,26.22,27.1,28.02,26.28,27.13,28.05,26.36,27.18,28.07,26.45,27.24,28.09,26.53,27.3,28.1,26.61,27.34,28.12,26.67,27.38,28.12,26.72,27.4,28.13,26.75,27.42,28.14,26.76,27.43,28.17,26.76,27.46,28.22,26.75,27.49,28.29,26.73,27.54,28.4,26.71,27.59,28.51,26.7,27.65,28.63,26.71,27.71,28.73,26.73,27.76,28.82,26.78,27.79,28.87,26.85,27.82,28.9,26.92,27.84,28.92,26.99,27.87,28.93,27.04,27.9,28.94,27.07,27.94,28.97,27.08,27.98,29.0,27.08,28.03,29.05,27.07,28.08,29.11,27.06,28.11,29.16,27.07,28.14,29.23,27.09,28.16,29.29,27.11,28.17,29.35,27.15,28.17,29.4,27.2,28.18,29.45,27.24,28.18,29.49,27.29,28.2,29.52,27.34,28.22,29.53,27.39,28.25,29.55,27.43,28.28,29.55,27.47,28.32,29.55,27.49,28.36,29.55,27.51,28.41,29.54,27.52,28.45,29.54,27.53,28.49,29.54,27.54,28.51,29.55,27.55,28.51,29.56,27.57,28.51,29.58,27.59,28.49,29.62,27.6,28.48,29.66,27.6,28.48,29.71,27.58,28.5,29.77,27.56,28.54,29.83,27.52,28.6,29.9,27.48,28.67,29.96,27.45,28.72,30.02,27.44,28.76,30.06,27.45,28.78,30.1,27.47,28.78,30.11,27.5,28.77,30.12,27.54,28.76,30.11,27.58,28.76,30.11,27.61,28.77,30.09,27.64,28.8,30.08,27.65,28.84,30.07,27.66,28.88,30.06,27.67,28.92,30.05,27.67,28.95,30.06,27.68,28.96,30.07,27.68,28.95,30.09,27.68,28.94,30.12,27.68,28.92,30.14,27.68,28.9,30.17
IND.1153,Arunachal Pradesh,18.4,18.84,19.3,18.45,18.88,19.34,18.49,18.92,19.38,18.53,18.96,19.42,18.57,19.0,19.47,18.61,19.04,19.52,18.64,19.08,19.57,18.67,19.12,19.63,18.69,19.16,19.69,18.72,19.19,19.75,18.73,19.22,19.8,18.75,19.25,19.84,18.77,19.27,19.87,18.78,19.29,19.89,18.8,19.3,19.91,18.82,19.31,19.93,18.85,19.33,19.94,18.89,19.34,19.96,18.93,19.36,19.98,18.97,19.38,20.01,19.0,19.4,20.05,19.03,19.43,20.1,19.06,19.46,20.17,19.07,19.49,20.25,19.09,19.52,20.34,19.1,19.56,20.42,19.12,19.6,20.49,19.15,19.65,20.53,19.18,19.7,20.56,19.22,19.74,20.57,19.27,19.79,20.57,19.31,19.84,20.58,19.34,19.87,20.59,19.37,19.91,20.63,19.38,19.94,20.67,19.4,19.96,20.72,19.41,19.99,20.78,19.42,20.01,20.83,19.43,20.04,20.88,19.45,20.08,20.93,19.47,20.11,20.97,19.49,20.14,21.01,19.53,20.16,21.04,19.56,20.18,21.07,19.6,20.19,21.1,19.65,20.2,21.12,19.68,20.21,21.15,19.72,20.23,21.16,19.74,20.25,21.18,19.75,20.28,21.19,19.76,20.32,21.2,19.76,20.35,21.21,19.75,20.39,21.21,19.75,20.42,21.23,19.75,20.43,21.24,19.76,20.45,21.25,19.77,20.45,21.27,19.79,20.46,21.29,19.81,20.47,21.3,19.83,20.49,21.31,19.86,20.52,21.31,19.89,20.55,21.32,19.92,20.58,21.34,19.94,20.61,21.37,19.95,20.63,21.43,19.96,20.65,21.5,19.96,20.66,21.59,19.96,20.66,21.67,19.96,20.67,21.74,19.98,20.68,21.78,20.02,20.69,21.79,20.06,20.71,21.77,20.1,20.73,21.74,20.14,20.76,21.71,20.17,20.78,21.69,20.17,20.81,21.71,20.15,20.85,21.75,20.12,20.88,21.81,20.09,20.9,21.87,20.05,20.92,21.93,20.02,20.94,21.97,20.0,20.94,21.99,19.99,20.94,21.98,19.98,20.94,21.96,19.98,20.93,21.94,19.98,20.91,21.9
IND.11530,Sikkim,5.21,5.8,6.26,5.25,5.82,6.31,5.28,5.84,6.35,5.32,5.86,6.4,5.36,5.89,6.44,5.4,5.92,6.48,5.44,5.96,6.52,5.49,6.01,6.56,5.53,6.06,6.6,5.57,6.12,6.63,5.61,6.16,6.67,5.65,6.2,6.7,5.68,6.23,6.73,5.71,6.25,6.76,5.74,6.27,6.79,5.76,6.28,6.83,5.78,6.29,6.87,5.81,6.31,6.92,5.83,6.33,6.97,5.86,6.35,7.02,5.89,6.38,7.07,5.92,6.4,7.11,5.96,6.43,7.14,6.01,6.46,7.17,6.05,6.5,7.19,6.09,6.55,7.21,6.13,6.6,7.24,6.17,6.67,7.28,6.19,6.74,7.33,6.21,6.82,7.39,6.23,6.88,7.45,6.24,6.94,7.53,6.25,6.97,7.6,6.27,6.97,7.68,6.29,6.96,7.75,6.31,6.94,7.82,6.33,6.93,7.88,6.35,6.93,7.92,6.38,6.96,7.94,6.41,7.0,7.95,6.44,7.07,7.94,6.46,7.13,7.94,6.48,7.19,7.94,6.5,7.23,7.96,6.51,7.25,7.98,6.52,7.27,8.02,6.53,7.28,8.06,6.54,7.29,8.11,6.56,7.31,8.15,6.59,7.34,8.19,6.62,7.38,8.23,6.65,7.42,8.26,6.69,7.46,8.29,6.71,7.49,8.31,6.73,7.52,8.33,6.74,7.54,8.34,6.75,7.55,8.35,6.76,7.56,8.35,6.77,7.57,8.37,6.8,7.58,8.39,6.84,7.59,8.41,6.88,7.61,8.44,6.92,7.63,8.49,6.95,7.66,8.54,6.97,7.69,8.6,6.97,7.72,8.67,6.96,7.76,8.74,6.95,7.8,8.81,6.93,7.83,8.87,6.93,7.85,8.92,6.94,7.87,8.94,6.95,7.88,8.95,6.97,7.89,8.95,7.0,7.9,8.95,7.02,7.91,8.95,7.04,7.93,8.95,7.06,7.95,8.96,7.07,7.98,8.97,7.08,8.0,8.98,7.1,8.02,9.0,7.11,8.04,9.01,7.13,8.04,9.01,7.14,8.04,9.01,7.17,8.04,9.0,7.19,8.03,8.99,7.21,8.02,8.99
IND.11531,Tamil Nadu,27.4,27.82,28.26,27.42,27.87,28.3,27.45,27.92,28.35,27.48,27.96,28.39,27.5,28.01,28.43,27.52,28.04,28.47,27.54,28.07,28.5,27.55,28.1,28.54,27.56,28.12,28.57,27.57,28.13,28.6,27.58,28.15,28.63,27.6,28.16,28.65,27.61,28.18,28.68,27.64,28.2,28.71,27.66,28.22,28.74,27.69,28.25,28.78,27.72,28.28,28.81,27.76,28.32,28.84,27.79,28.35,28.88,27.83,28.39,28.91,27.85,28.43,28.95,27.87,28.46,28.98,27.88,28.48,29.01,27.88,28.49,29.04,27.88,28.5,29.07,27.89,28.51,29.09,27.9,28.52,29.13,27.93,28.54,29.16,27.97,28.56,29.2,28.01,28.58,29.24,28.06,28.61,29.28,28.1,28.65,29.32,28.13,28.69,29.37,28.14,28.72,29.41,28.14,28.76,29.45,28.14,28.8,29.49,28.14,28.83,29.53,28.15,28.85,29.56,28.18,28.87,29.59,28.21,28.87,29.61,28.26,28.88,29.64,28.31,28.88,29.66,28.35,28.89,29.69,28.38,28.91,29.71,28.4,28.94,29.74,28.41,28.97,29.77,28.41,29.0,29.8,28.41,29.03,29.83,28.4,29.04,29.85,28.4,29.05,29.88,28.4,29.05,29.9,28.41,29.04,29.92,28.42,29.05,29.94,28.44,29.06,29.96,28.46,29.08,29.98,28.5,29.12,30.0,28.53,29.16,30.02,28.56,29.2,30.04,28.59,29.23,30.06,28.6,29.25,30.08,28.61,29.25,30.09,28.6,29.25,30.11,28.6,29.24,30.13,28.6,29.23,30.15,28.61,29.24,30.19,28.62,29.25,30.22,28.65,29.28,30.26,28.67,29.31,30.3,28.69,29.33,30.34,28.71,29.35,30.36,28.71,29.36,30.37,28.7,29.37,30.37,28.7,29.37,30.36,28.69,29.37,30.35,28.69,29.38,30.35,28.7,29.39,30.36,28.72,29.42,30.37,28.75,29.44,30.4,28.77,29.47,30.42,28.79,29.5,30.44,28.8,29.51,30.46,28.8,29.52,30.47,28.79,29.53,30.48,28.77,29.52,30.48,28.74,29.52,30.48,28.72,29.51,30.48
IND.11532,Telangana,27.01,27.63,28.17,27.06,27.68,28.21,27.1,27.73,28.26,27.13,27.77,28.3,27.15,27.81,28.35,27.16,27.85,28.4,27.15,27.88,28.45,27.13,27.9,28.5,27.1,27.92,28.55,27.08,27.93,28.6,27.08,27.95,28.65,27.1,27.96,28.69,27.15,27.98,28.73,27.21,28.0,28.76,27.28,28.02,28.78,27.35,28.04,28.8,27.39,28.06,28.82,27.42,28.08,28.84,27.42,28.11,28.86,27.42,28.13,28.88,27.41,28.16,28.9,27.41,28.18,28.93,27.43,28.19,28.96,27.46,28.2,28.99,27.5,28.22,29.04,27.54,28.24,29.08,27.58,28.27,29.14,27.61,28.31,29.19,27.63,28.36,29.26,27.64,28.42,29.32,27.65,28.47,29.38,27.67,28.53,29.44,27.71,28.57,29.5,27.76,28.6,29.55,27.82,28.62,29.59,27.88,28.63,29.63,27.93,28.64,29.67,27.97,28.66,29.72,27.99,28.67,29.76,27.99,28.69,29.81,27.98,28.72,29.86,27.98,28.75,29.89,27.99,28.79,29.92,28.03,28.83,29.92,28.1,28.87,29.91,28.18,28.91,29.89,28.26,28.94,29.89,28.32,28.97,29.89,28.35,28.98,29.92,28.34,28.97,29.98,28.31,28.96,30.06,28.27,28.94,30.14,28.24,28.93,30.21,28.23,28.93,30.25,28.25,28.95,30.26,28.3,28.98,30.23,28.36,29.02,30.19,28.43,29.06,30.14,28.48,29.11,30.11,28.5,29.15,30.11,28.5,29.19,30.13,28.48,29.22,30.17,28.46,29.25,30.22,28.44,29.26,30.28,28.43,29.27,30.34,28.44,29.28,30.39,28.46,29.28,30.43,28.49,29.29,30.47,28.52,29.29,30.49,28.54,29.3,30.51,28.55,29.32,30.53,28.55,29.35,30.54,28.55,29.38,30.56,28.54,29.41,30.57,28.55,29.43,30.58,28.57,29.45,30.6,28.6,29.46,30.62,28.63,29.46,30.64,28.67,29.46,30.65,28.7,29.46,30.66,28.72,29.47,30.67,28.73,29.47,30.67,28.74,29.47,30.66,28.73,29.48,30.64,28.72,29.49,30.62,28.71,29.49,30.6
IND.11533,Tripura,24.61,25.11,25.63,24.59,25.15,25.67,24.58,25.18,25.7,24.57,25.21,25.74,24.58,25.25,25.77,24.6,25.28,25.81,24.65,25.32,25.86,24.71,25.36,25.9,24.78,25.39,25.94,24.85,25.42,25.98,24.91,25.45,26.0,24.95,25.47,26.0,24.96,25.47,25.99,24.96,25.48,25.97,24.95,25.48,25.96,24.94,25.48,25.96,24.94,25.49,25.98,24.94,25.51,26.02,24.96,25.53,26.09,24.98,25.56,26.16,25.01,25.59,26.25,25.05,25.63,26.32,25.08,25.66,26.39,25.11,25.7,26.44,25.14,25.74,26.49,25.17,25.77,26.52,25.18,25.81,26.56,25.19,25.84,26.59,25.18,25.88,26.62,25.18,25.91,26.66,25.18,25.94,26.7,25.19,25.97,26.74,25.22,26.0,26.79,25.27,26.04,26.83,25.33,26.07,26.88,25.4,26.11,26.94,25.47,26.14,27.0,25.54,26.18,27.06,25.59,26.22,27.14,25.63,26.26,27.21,25.66,26.29,27.28,25.68,26.33,27.34,25.71,26.37,27.38,25.75,26.39,27.41,25.79,26.42,27.42,25.83,26.44,27.42,25.86,26.46,27.41,25.89,26.47,27.4,25.9,26.48,27.4,25.89,26.48,27.41,25.87,26.49,27.42,25.85,26.5,27.44,25.83,26.51,27.46,25.82,26.52,27.48,25.83,26.55,27.5,25.86,26.57,27.51,25.9,26.6,27.52,25.94,26.64,27.53,25.99,26.66,27.54,26.03,26.69,27.56,26.07,26.71,27.58,26.1,26.72,27.61,26.12,26.74,27.66,26.14,26.76,27.71,26.15,26.78,27.78,26.15,26.81,27.85,26.15,26.85,27.93,26.15,26.88,28.01,26.16,26.91,28.07,26.18,26.94,28.12,26.21,26.96,28.15,26.26,26.97,28.15,26.3,26.98,28.15,26.35,26.99,28.13,26.37,26.99,28.12,26.38,26.99,28.11,26.38,27.0,28.11,26.36,27.0,28.12,26.34,27.01,28.13,26.32,27.01,28.13,26.32,27.01,28.14,26.33,27.02,28.14,26.35,27.02,28.14,26.38,27.02,28.13,26.42,27.02,28.12,26.46,27.02,28.11
IND.11534,Uttar Pradesh,24.9,25.62,26.28,24.9,25.62,26.29,24.89,25.63,26.3,24.89,25.64,26.32,24.89,25.65,26.35,24.9,25.67,26.38,24.92,25.7,26.43,24.95,25.74,26.48,24.98,25.77,26.53,25.01,25.81,26.58,25.03,25.85,26.62,25.04,25.87,26.65,25.04,25.89,26.66,25.04,25.9,26.67,25.04,25.91,26.67,25.04,25.92,26.67,25.07,25.94,26.68,25.12,25.97,26.71,25.18,26.0,26.74,25.25,26.04,26.78,25.31,26.08,26.82,25.37,26.12,26.86,25.41,26.16,26.89,25.43,26.18,26.92,25.45,26.21,26.95,25.46,26.25,26.99,25.47,26.29,27.05,25.49,26.34,27.13,25.52,26.4,27.23,25.56,26.47,27.35,25.61,26.54,27.46,25.65,26.61,27.56,25.7,26.67,27.64,25.73,26.72,27.69,25.77,26.77,27.71,25.8,26.82,27.72,25.83,26.86,27.73,25.87,26.9,27.74,25.92,26.95,27.77,25.97,26.99,27.81,26.02,27.03,27.86,26.07,27.07,27.91,26.12,27.1,27.96,26.16,27.13,28.0,26.19,27.14,28.04,26.22,27.15,28.08,26.24,27.15,28.11,26.26,27.15,28.14,26.27,27.14,28.17,26.29,27.14,28.21,26.3,27.15,28.24,26.32,27.16,28.27,26.33,27.18,28.3,26.35,27.2,28.32,26.37,27.24,28.34,26.39,27.28,28.34,26.42,27.33,28.35,26.45,27.37,28.36,26.48,27.41,28.37,26.52,27.44,28.39,26.56,27.46,28.43,26.6,27.47,28.46,26.64,27.49,28.51,26.67,27.51,28.55,26.69,27.55,28.6,26.7,27.59,28.65,26.7,27.64,28.7,26.7,27.69,28.75,26.69,27.71,28.81,26.68,27.72,28.87,26.66,27.69,28.93,26.65,27.65,29.0,26.64,27.6,29.06,26.63,27.55,29.12,26.63,27.53,29.17,26.64,27.53,29.2,26.66,27.57,29.22,26.68,27.63,29.22,26.72,27.7,29.21,26.75,27.77,29.19,26.79,27.83,29.15,26.84,27.87,29.11,26.88,27.9,29.05,26.93,27.91,28.99,26.98,27.92,28.93,27.03,27.93,28.86
IND.11535,Uttarakhand,11.69,12.54,13.05,11.72,12.54,13.06,11.76,12.54,13.08,11.79,12.54,13.1,11.83,12.56,13.14,11.88,12.58,13.19,11.93,12.62,13.26,11.98,12.67,13.35,12.04,12.72,13.43,12.08,12.77,13.51,12.12,12.81,13.57,12.14,12.83,13.59,12.15,12.85,13.59,12.14,12.85,13.56,12.14,12.86,13.53,12.13,12.87,13.51,12.14,12.89,13.53,12.17,12.92,13.58,12.21,12.97,13.66,12.25,13.03,13.76,12.31,13.08,13.85,12.36,13.13,13.91,12.42,13.16,13.94,12.47,13.18,13.94,12.51,13.2,13.92,12.55,13.22,13.91,12.57,13.26,13.92,12.59,13.3,13.96,12.6,13.36,14.04,12.61,13.43,14.15,12.61,13.5,14.26,12.62,13.56,14.36,12.64,13.61,14.44,12.67,13.63,14.48,12.71,13.64,14.5,12.76,13.65,14.5,12.81,13.66,14.5,12.86,13.69,14.5,12.91,13.73,14.51,12.95,13.79,14.54,12.99,13.86,14.59,13.03,13.92,14.64,13.07,13.98,14.7,13.11,14.02,14.76,13.15,14.04,14.83,13.19,14.05,14.9,13.23,14.05,14.96,13.26,14.06,15.01,13.29,14.06,15.06,13.31,14.08,15.09,13.32,14.11,15.1,13.32,14.14,15.11,13.33,14.17,15.12,13.34,14.22,15.12,13.35,14.26,15.12,13.36,14.31,15.12,13.38,14.35,15.12,13.4,14.39,15.13,13.42,14.42,15.15,13.46,14.44,15.18,13.49,14.46,15.23,13.53,14.46,15.28,13.57,14.47,15.33,13.61,14.48,15.4,13.65,14.49,15.46,13.68,14.51,15.52,13.7,14.54,15.58,13.72,14.57,15.64,13.73,14.59,15.69,13.73,14.6,15.73,13.72,14.61,15.76,13.71,14.6,15.79,13.69,14.6,15.8,13.67,14.59,15.8,13.65,14.59,15.8,13.65,14.6,15.8,13.65,14.63,15.79,13.66,14.65,15.77,13.67,14.69,15.76,13.7,14.72,15.75,13.73,14.75,15.74,13.77,14.77,15.73,13.81,14.79,15.73,13.86,14.8,15.73,13.9,14.82,15.73,13.96,14.83,15.74
IND.11536,West Bengal,25.32,25.88,26.47,25.31,25.88,26.48,25.29,25.89,26.5,25.29,25.9,26.51,25.29,25.92,26.53,25.3,25.95,26.56,25.33,25.99,26.58,25.37,26.03,26.61,25.41,26.08,26.65,25.46,26.12,26.67,25.51,26.16,26.7,25.55,26.18,26.71,25.58,26.19,26.72,25.6,26.2,26.72,25.62,26.2,26.72,25.63,26.2,26.73,25.64,26.22,26.75,25.64,26.24,26.78,25.64,26.28,26.82,25.64,26.32,26.87,25.64,26.36,26.92,25.65,26.4,26.98,25.67,26.43,27.03,25.71,26.46,27.07,25.74,26.49,27.12,25.79,26.52,27.17,25.84,26.56,27.23,25.89,26.61,27.29,25.94,26.67,27.35,25.99,26.73,27.42,26.03,26.79,27.48,26.08,26.85,27.54,26.12,26.89,27.6,26.15,26.92,27.64,26.18,26.93,27.68,26.21,26.94,27.72,26.24,26.95,27.76,26.28,26.97,27.8,26.33,27.0,27.85,26.38,27.03,27.9,26.43,27.07,27.96,26.47,27.12,28.0,26.51,27.16,28.04,26.54,27.19,28.06,26.56,27.22,28.06,26.56,27.24,28.05,26.56,27.26,28.05,26.56,27.27,28.04,26.56,27.28,28.05,26.56,27.29,28.08,26.57,27.3,28.12,26.57,27.31,28.17,26.58,27.32,28.22,26.58,27.33,28.27,26.58,27.34,28.31,26.58,27.36,28.35,26.58,27.38,28.38,26.59,27.39,28.41,26.61,27.41,28.43,26.64,27.44,28.45,26.69,27.46,28.46,26.74,27.49,28.48,26.8,27.52,28.5,26.84,27.55,28.52,26.88,27.58,28.56,26.89,27.62,28.61,26.9,27.65,28.66,26.9,27.69,28.72,26.89,27.71,28.78,26.89,27.73,28.83,26.9,27.73,28.89,26.91,27.73,28.93,26.93,27.72,28.97,26.96,27.71,29.0,26.98,27.71,29.02,27.01,27.72,29.03,27.03,27.75,29.03,27.05,27.78,29.01,27.07,27.81,28.99,27.08,27.84,28.97,27.09,27.87,28.94,27.1,27.89,28.91,27.11,27.9,28.87,27.12,27.91,28.84,27.12,27.91,28.8,27.13,27.91,28.77
IND.1154,Assam,23.4,23.92,24.36,23.44,23.96,24.4,23.48,24.0,24.45,23.52,24.04,24.49,23.56,24.08,24.53,23.61,24.12,24.58,23.65,24.16,24.63,23.7,24.2,24.67,23.74,24.23,24.72,23.77,24.26,24.76,23.8,24.29,24.8,23.82,24.31,24.84,23.82,24.32,24.86,23.82,24.33,24.88,23.82,24.33,24.9,23.83,24.34,24.92,23.84,24.34,24.94,23.86,24.35,24.97,23.89,24.36,24.99,23.92,24.38,25.03,23.96,24.4,25.07,24.0,24.43,25.13,24.04,24.46,25.2,24.07,24.5,25.28,24.1,24.54,25.36,24.13,24.59,25.43,24.16,24.64,25.5,24.18,24.68,25.54,24.21,24.72,25.56,24.24,24.76,25.57,24.26,24.8,25.58,24.29,24.84,25.59,24.31,24.88,25.62,24.33,24.91,25.66,24.35,24.95,25.72,24.38,24.98,25.79,24.4,25.02,25.86,24.43,25.05,25.92,24.46,25.08,25.98,24.5,25.12,26.03,24.53,25.15,26.07,24.57,25.18,26.1,24.6,25.21,26.13,24.64,25.23,26.15,24.67,25.25,26.17,24.69,25.27,26.19,24.72,25.28,26.21,24.74,25.3,26.22,24.75,25.31,26.24,24.76,25.34,26.25,24.76,25.36,26.26,24.77,25.38,26.27,24.77,25.41,26.28,24.76,25.43,26.29,24.76,25.46,26.3,24.76,25.48,26.32,24.76,25.5,26.33,24.78,25.52,26.34,24.8,25.53,26.36,24.85,25.55,26.37,24.91,25.56,26.39,24.98,25.58,26.41,25.04,25.6,26.44,25.08,25.62,26.49,25.1,25.64,26.55,25.1,25.67,26.62,25.07,25.7,26.69,25.05,25.73,26.77,25.03,25.76,26.84,25.03,25.79,26.88,25.05,25.81,26.9,25.1,25.83,26.9,25.16,25.84,26.89,25.21,25.86,26.88,25.25,25.87,26.87,25.26,25.88,26.88,25.25,25.88,26.9,25.22,25.89,26.93,25.19,25.9,26.96,25.16,25.9,26.99,25.14,25.9,27.02,25.14,25.91,27.04,25.15,25.91,27.05,25.16,25.91,27.06,25.19,25.92,27.07,25.22,25.92,27.07
IND.1155,Bihar,25.31,25.86,26.47,25.27,25.86,26.52,25.23,25.87,26.56,25.2,25.88,26.6,25.19,25.89,26.64,25.2,25.92,26.67,25.23,25.96,26.7,25.29,26.01,26.72,25.36,26.06,26.74,25.43,26.11,26.76,25.48,26.16,26.77,25.52,26.19,26.78,25.52,26.2,26.79,25.52,26.21,26.8,25.5,26.21,26.82,25.49,26.21,26.84,25.49,26.22,26.86,25.52,26.25,26.9,25.56,26.28,26.93,25.6,26.31,26.98,25.66,26.35,27.02,25.7,26.39,27.07,25.74,26.43,27.12,25.77,26.47,27.16,25.79,26.51,27.22,25.82,26.55,27.27,25.84,26.59,27.33,25.88,26.65,27.39,25.92,26.71,27.46,25.96,26.78,27.54,26.01,26.85,27.61,26.06,26.91,27.68,26.1,26.96,27.75,26.14,26.99,27.81,26.17,27.02,27.86,26.2,27.05,27.91,26.24,27.07,27.96,26.28,27.1,28.01,26.33,27.15,28.06,26.38,27.2,28.11,26.43,27.25,28.15,26.48,27.3,28.19,26.52,27.34,28.22,26.56,27.36,28.25,26.59,27.37,28.26,26.61,27.37,28.27,26.62,27.36,28.28,26.62,27.35,28.29,26.62,27.36,28.31,26.61,27.37,28.35,26.61,27.39,28.39,26.6,27.42,28.43,26.6,27.44,28.48,26.6,27.47,28.53,26.62,27.49,28.58,26.64,27.5,28.62,26.66,27.52,28.66,26.7,27.53,28.69,26.74,27.55,28.72,26.79,27.58,28.74,26.84,27.62,28.76,26.89,27.66,28.77,26.93,27.71,28.78,26.96,27.76,28.79,26.99,27.8,28.81,27.0,27.84,28.84,26.99,27.87,28.88,26.99,27.9,28.93,26.98,27.92,28.99,26.98,27.92,29.07,26.98,27.91,29.15,26.99,27.9,29.25,27.01,27.88,29.34,27.03,27.86,29.42,27.05,27.85,29.49,27.07,27.85,29.52,27.09,27.87,29.53,27.11,27.89,29.51,27.12,27.92,29.47,27.14,27.96,29.42,27.17,27.99,29.36,27.19,28.02,29.3,27.21,28.05,29.24,27.24,28.08,29.17,27.27,28.11,29.11,27.29,28.13,29.04
IND.1156,Chandigarh,23.19,24.06,24.51,23.24,24.04,24.54,23.28,24.03,24.56,23.32,24.02,24.6,23.36,24.02,24.63,23.4,24.02,24.68,23.43,24.04,24.74,23.45,24.07,24.8,23.47,24.1,24.87,23.49,24.14,24.94,23.5,24.17,24.99,23.5,24.19,25.03,23.5,24.2,25.06,23.5,24.21,25.07,23.51,24.21,25.08,23.53,24.23,25.1,23.56,24.26,25.12,23.6,24.3,25.16,23.66,24.35,25.2,23.71,24.4,25.25,23.77,24.46,25.29,23.81,24.51,25.32,23.84,24.54,25.34,23.86,24.57,25.34,23.87,24.6,25.34,23.87,24.62,25.36,23.87,24.66,25.4,23.89,24.72,25.47,23.91,24.78,25.57,23.94,24.86,25.69,23.98,24.93,25.81,24.03,24.99,25.91,24.09,25.04,25.98,24.16,25.06,26.02,24.23,25.07,26.02,24.29,25.07,26.0,24.34,25.08,25.99,24.38,25.1,25.98,24.38,25.13,26.0,24.36,25.19,26.04,24.34,25.25,26.1,24.31,25.32,26.17,24.28,25.37,26.23,24.27,25.4,26.28,24.28,25.41,26.33,24.31,25.41,26.36,24.35,25.4,26.4,24.39,25.39,26.44,24.44,25.39,26.48,24.5,25.41,26.53,24.55,25.43,26.58,24.6,25.47,26.62,24.65,25.52,26.66,24.69,25.57,26.68,24.73,25.63,26.68,24.77,25.7,26.67,24.8,25.76,26.64,24.84,25.81,26.63,24.89,25.84,26.62,24.94,25.86,26.63,25.0,25.86,26.67,25.06,25.85,26.72,25.11,25.84,26.77,25.15,25.84,26.83,25.17,25.85,26.88,25.18,25.88,26.92,25.17,25.92,26.95,25.15,25.97,26.98,25.13,26.0,27.01,25.11,26.02,27.06,25.1,26.0,27.11,25.1,25.97,27.16,25.11,25.94,27.21,25.11,25.9,27.25,25.11,25.88,27.27,25.11,25.89,27.27,25.11,25.91,27.24,25.1,25.96,27.2,25.1,26.01,27.16,25.1,26.07,27.12,25.1,26.11,27.1,25.12,26.14,27.1,25.14,26.16,27.12,25.17,26.18,27.16,25.21,26.19,27.2,25.24,26.19,27.25
IND.1157,Chhattisgarh,25.44,26.08,26.55,25.43,26.08,26.58,25.42,26.09,26.6,25.41,26.1,26.64,25.4,26.11,26.67,25.4,26.13,26.72,25.4,26.16,26.77,25.4,26.2,26.83,25.41,26.24,26.88,25.43,26.28,26.94,25.47,26.32,26.99,25.52,26.35,27.03,25.58,26.37,27.06,25.65,26.38,27.09,25.72,26.4,27.11,25.78,26.41,27.13,25.82,26.44,27.16,25.83,26.47,27.21,25.83,26.51,27.26,25.82,26.55,27.3,25.82,26.58,27.35,25.82,26.61,27.38,25.84,26.63,27.4,25.87,26.64,27.41,25.92,26.66,27.42,25.97,26.67,27.43,26.01,26.7,27.46,26.05,26.74,27.52,26.07,26.81,27.61,26.09,26.88,27.7,26.1,26.95,27.81,26.13,27.02,27.9,26.17,27.08,27.98,26.22,27.12,28.03,26.29,27.15,28.05,26.35,27.16,28.07,26.41,27.17,28.08,26.45,27.18,28.09,26.46,27.2,28.11,26.46,27.21,28.13,26.45,27.23,28.16,26.44,27.26,28.19,26.45,27.28,28.22,26.49,27.31,28.25,26.56,27.34,28.27,26.63,27.37,28.29,26.71,27.4,28.31,26.76,27.43,28.33,26.79,27.45,28.36,26.77,27.46,28.39,26.73,27.47,28.43,26.68,27.47,28.46,26.64,27.48,28.5,26.62,27.48,28.52,26.64,27.48,28.53,26.69,27.49,28.54,26.75,27.51,28.54,26.82,27.53,28.54,26.88,27.56,28.55,26.92,27.6,28.56,26.93,27.65,28.58,26.92,27.7,28.61,26.91,27.76,28.65,26.89,27.81,28.68,26.89,27.84,28.72,26.89,27.87,28.75,26.9,27.89,28.79,26.93,27.9,28.82,26.95,27.9,28.86,26.98,27.9,28.9,27.01,27.9,28.95,27.04,27.91,28.99,27.07,27.91,29.04,27.09,27.91,29.08,27.11,27.92,29.1,27.12,27.93,29.11,27.13,27.95,29.1,27.13,27.97,29.09,27.13,27.99,29.07,27.14,28.02,29.05,27.15,28.04,29.03,27.17,28.06,29.03,27.19,28.08,29.02,27.21,28.09,29.03,27.24,28.11,29.03,27.27,28.13,29.04
IND.1158,Dadra and Nagar Haveli,26.37,26.91,27.27,26.38,26.92,27.28,26.38,26.93,27.29,26.39,26.95,27.31,26.41,26.96,27.33,26.43,26.98,27.37,26.46,27.0,27.42,26.5,27.02,27.48,26.54,27.05,27.55,26.56,27.08,27.62,26.57,27.1,27.68,26.57,27.12,27.72,26.54,27.13,27.75,26.5,27.15,27.77,26.46,27.16,27.78,26.44,27.18,27.79,26.45,27.2,27.81,26.49,27.22,27.83,26.55,27.25,27.86,26.63,27.28,27.88,26.7,27.31,27.91,26.76,27.34,27.94,26.8,27.37,27.95,26.81,27.39,27.97,26.8,27.42,27.98,26.8,27.44,28.01,26.8,27.47,28.04,26.81,27.51,28.1,26.85,27.55,28.18,26.89,27.59,28.27,26.95,27.63,28.36,27.01,27.67,28.44,27.07,27.7,28.5,27.13,27.72,28.54,27.18,27.73,28.56,27.21,27.74,28.57,27.24,27.76,28.58,27.25,27.78,28.6,27.25,27.81,28.63,27.23,27.85,28.68,27.21,27.9,28.73,27.19,27.94,28.79,27.18,27.98,28.83,27.18,28.0,28.86,27.19,28.01,28.87,27.21,28.02,28.88,27.24,28.02,28.89,27.29,28.02,28.91,27.34,28.03,28.94,27.4,28.05,28.99,27.46,28.08,29.05,27.51,28.11,29.11,27.55,28.13,29.16,27.57,28.16,29.18,27.57,28.18,29.18,27.55,28.2,29.15,27.52,28.21,29.12,27.5,28.23,29.09,27.5,28.25,29.08,27.53,28.27,29.1,27.58,28.3,29.15,27.65,28.34,29.22,27.72,28.37,29.29,27.78,28.4,29.36,27.82,28.43,29.42,27.84,28.44,29.45,27.83,28.46,29.47,27.81,28.46,29.48,27.78,28.47,29.49,27.74,28.48,29.5,27.72,28.49,29.53,27.7,28.5,29.56,27.68,28.51,29.59,27.68,28.53,29.62,27.69,28.54,29.64,27.72,28.56,29.64,27.76,28.58,29.62,27.8,28.6,29.59,27.84,28.62,29.57,27.88,28.64,29.55,27.9,28.66,29.55,27.91,28.69,29.57,27.9,28.71,29.61,27.89,28.74,29.67,27.87,28.76,29.73,27.85,28.79,29.79
IND.1159,Daman and Diu,26.5,27.0,27.33,26.49,27.01,27.35,26.49,27.02,27.36,26.49,27.03,27.38,26.5,27.04,27.41,26.52,27.06,27.45,26.55,27.08,27.5,26.59,27.1,27.56,26.63,27.13,27.63,26.66,27.16,27.69,26.68,27.18,27.74,26.68,27.2,27.78,26.66,27.21,27.8,26.63,27.23,27.81,26.6,27.24,27.82,26.57,27.25,27.83,26.57,27.27,27.85,26.6,27.29,27.87,26.64,27.32,27.9,26.7,27.35,27.93,26.76,27.38,27.96,26.81,27.4,27.99,26.85,27.43,28.0,26.88,27.45,28.01,26.89,27.47,28.02,26.9,27.5,28.04,26.92,27.53,28.07,26.94,27.56,28.12,26.96,27.6,28.2,26.99,27.65,28.28,27.03,27.7,28.37,27.07,27.74,28.45,27.11,27.77,28.52,27.15,27.79,28.56,27.18,27.8,28.59,27.21,27.81,28.6,27.24,27.83,28.62,27.25,27.85,28.64,27.26,27.88,28.67,27.25,27.91,28.72,27.24,27.95,28.76,27.24,27.99,28.81,27.23,28.02,28.85,27.24,28.05,28.88,27.25,28.06,28.9,27.28,28.06,28.91,27.31,28.06,28.92,27.36,28.05,28.94,27.4,28.05,28.97,27.45,28.06,29.01,27.5,28.07,29.06,27.54,28.09,29.1,27.57,28.11,29.14,27.58,28.14,29.16,27.57,28.18,29.16,27.54,28.21,29.14,27.52,28.25,29.11,27.49,28.28,29.09,27.49,28.31,29.08,27.52,28.32,29.1,27.57,28.33,29.14,27.64,28.33,29.19,27.71,28.34,29.25,27.77,28.34,29.31,27.81,28.35,29.36,27.82,28.37,29.39,27.8,28.4,29.41,27.78,28.43,29.43,27.74,28.45,29.44,27.71,28.48,29.46,27.69,28.49,29.48,27.68,28.5,29.5,27.68,28.5,29.53,27.69,28.5,29.55,27.7,28.51,29.55,27.72,28.51,29.55,27.75,28.53,29.53,27.77,28.54,29.5,27.8,28.55,29.48,27.82,28.57,29.46,27.84,28.58,29.46,27.85,28.59,29.48,27.86,28.6,29.51,27.87,28.61,29.56,27.88,28.62,29.62,27.88,28.62,29.67
